Entity,Code,Year,No formal education,At least some basic education
Argentina,ARG,1950,14.211617,85.78838
Argentina,ARG,1955,12.431603,87.5684
Argentina,ARG,1960,10.859231,89.14077
Argentina,ARG,1965,9.377147,90.622856
Argentina,ARG,1970,8.031716,91.968285
Argentina,ARG,1975,6.812619,93.18738
Argentina,ARG,1980,5.8037105,94.19629
Argentina,ARG,1985,4.8814497,95.11855
Argentina,ARG,1990,4.0488596,95.95114
Argentina,ARG,1995,3.3246772,96.67532
Argentina,ARG,2000,2.7534006,97.2466
Argentina,ARG,2005,2.2671978,97.7328
Argentina,ARG,2010,1.8492883,98.15071
Argentina,ARG,2015,1.5083904,98.49161
Argentina,ARG,2020,1.2622308,98.73777
Australia,AUS,1950,1.7044035,98.29559
Australia,AUS,1955,1.8605148,98.13949
Australia,AUS,1960,1.9176444,98.08236
Australia,AUS,1965,1.8918141,98.108185
Australia,AUS,1970,1.8443898,98.15561
Australia,AUS,1975,1.7524188,98.24758
Australia,AUS,1980,1.637346,98.362656
Australia,AUS,1985,1.5162185,98.48378
Australia,AUS,1990,1.3818144,98.61819
Australia,AUS,1995,1.2584542,98.74155
Australia,AUS,2000,1.1312323,98.86877
Australia,AUS,2005,0.9832799,99.01672
Australia,AUS,2010,0.8139186,99.18608
Australia,AUS,2015,0.6699109,99.330086
Australia,AUS,2020,0.6349725,99.36503
Brazil,BRA,1950,49.213608,50.786392
Brazil,BRA,1955,45.166084,54.833916
Brazil,BRA,1960,41.211636,58.788364
Brazil,BRA,1965,36.764107,63.235893
Brazil,BRA,1970,31.9713,68.0287
Brazil,BRA,1975,27.367737,72.63226
Brazil,BRA,1980,23.162233,76.83777
Brazil,BRA,1985,19.764359,80.23564
Brazil,BRA,1990,16.854834,83.145164
Brazil,BRA,1995,14.273426,85.72658
Brazil,BRA,2000,12.080299,87.9197
Brazil,BRA,2005,10.310417,89.68958
Brazil,BRA,2010,8.885453,91.11455
Brazil,BRA,2015,7.5603046,92.4397
Brazil,BRA,2020,6.522197,93.477806
Canada,CAN,1950,1.1024845,98.897514
Canada,CAN,1955,1.0362161,98.96378
Canada,CAN,1960,0.96394473,99.03606
Canada,CAN,1965,0.8926126,99.10738
Canada,CAN,1970,0.82312495,99.17687
Canada,CAN,1975,0.7568042,99.243195
Canada,CAN,1980,0.7008186,99.29918
Canada,CAN,1985,0.65323174,99.34677
Canada,CAN,1990,0.60770184,99.392296
Canada,CAN,1995,0.5577563,99.442245
Canada,CAN,2000,0.49482408,99.50517
Canada,CAN,2005,0.43945697,99.56054
Canada,CAN,2010,0.4051949,99.5948
Canada,CAN,2015,0.3499652,99.65003
Canada,CAN,2020,0.009766055,99.990234
China,CHN,1950,66.50909,33.490913
China,CHN,1955,59.22221,40.77779
China,CHN,1960,51.541546,48.458454
China,CHN,1965,43.255375,56.744625
China,CHN,1970,35.120323,64.87968
China,CHN,1975,28.764107,71.23589
China,CHN,1980,22.870308,77.12969
China,CHN,1985,17.742258,82.257744
China,CHN,1990,13.929797,86.070206
China,CHN,1995,11.1661825,88.83382
China,CHN,2000,8.792872,91.20713
China,CHN,2005,6.68323,93.31677
China,CHN,2010,5.135085,94.864914
China,CHN,2015,4.011189,95.98881
China,CHN,2020,3.1310256,96.86897
Egypt,EGY,1950,76.14133,23.858673
Egypt,EGY,1955,74.256905,25.743095
Egypt,EGY,1960,72.03946,27.96054
Egypt,EGY,1965,68.9998,31.000198
Egypt,EGY,1970,65.47543,34.524567
Egypt,EGY,1975,61.76582,38.23418
Egypt,EGY,1980,58.29657,41.70343
Egypt,EGY,1985,54.428356,45.571644
Egypt,EGY,1990,50.19394,49.80606
Egypt,EGY,1995,45.00269,54.99731
Egypt,EGY,2000,39.246223,60.753777
Egypt,EGY,2005,33.52862,66.471375
Egypt,EGY,2010,28.473946,71.526054
Egypt,EGY,2015,24.403223,75.59678
Egypt,EGY,2020,23.546072,76.453926
France,FRA,1950,2.9413035,97.05869
France,FRA,1955,3.0475214,96.95248
France,FRA,1960,3.1021116,96.89789
France,FRA,1965,3.0656738,96.934326
France,FRA,1970,2.9923155,97.00768
France,FRA,1975,2.8850272,97.114975
France,FRA,1980,2.7475371,97.252464
France,FRA,1985,2.5799599,97.420044
France,FRA,1990,2.4019003,97.5981
France,FRA,1995,2.2398689,97.76013
France,FRA,2000,2.0616698,97.93833
France,FRA,2005,1.8665316,98.13347
France,FRA,2010,1.6622096,98.33779
France,FRA,2015,1.4672915,98.53271
France,FRA,2020,1.4184463,98.58155
Germany,DEU,1950,0,100
Germany,DEU,1955,0,100
Germany,DEU,1960,0,100
Germany,DEU,1965,0,100
Germany,DEU,1970,0,100
Germany,DEU,1975,0,100
Germany,DEU,1980,0,100
Germany,DEU,1985,0,100
Germany,DEU,1990,0,100
Germany,DEU,1995,0,100
Germany,DEU,2000,0,100
Germany,DEU,2005,0,100
Germany,DEU,2010,0,100
Germany,DEU,2015,0,100
Germany,DEU,2020,0.010296971,99.9897
India,IND,1950,71.06618,28.933823
India,IND,1955,69.90479,30.095207
India,IND,1960,68.30093,31.699074
India,IND,1965,66.08345,33.91655
India,IND,1970,62.816204,37.183796
India,IND,1975,59.588318,40.411682
India,IND,1980,56.486507,43.513493
India,IND,1985,53.310673,46.689327
India,IND,1990,49.859665,50.140335
India,IND,1995,46.182808,53.817192
India,IND,2000,42.231083,57.768917
India,IND,2005,38.007557,61.992443
India,IND,2010,33.522945,66.47705
India,IND,2015,29.653109,70.34689
India,IND,2020,27.626644,72.37335
Indonesia,IDN,1950,60.995125,39.004875
Indonesia,IDN,1955,55.79416,44.20584
Indonesia,IDN,1960,50.419395,49.580605
Indonesia,IDN,1965,45.170094,54.829906
Indonesia,IDN,1970,39.21498,60.78502
Indonesia,IDN,1975,33.247192,66.75281
Indonesia,IDN,1980,27.761906,72.2381
Indonesia,IDN,1985,22.8089,77.1911
Indonesia,IDN,1990,18.487331,81.512665
Indonesia,IDN,1995,14.976232,85.023766
Indonesia,IDN,2000,12.150378,87.849625
Indonesia,IDN,2005,9.7650175,90.234985
Indonesia,IDN,2010,7.7719607,92.22804
Indonesia,IDN,2015,6.061434,93.93857
Indonesia,IDN,2020,5.239869,94.76013
Italy,ITA,1950,11.502812,88.497185
Italy,ITA,1955,9.7763195,90.22368
Italy,ITA,1960,8.322821,91.67718
Italy,ITA,1965,6.927448,93.072556
Italy,ITA,1970,5.7811666,94.218834
Italy,ITA,1975,4.7485256,95.25147
Italy,ITA,1980,3.8320162,96.167984
Italy,ITA,1985,3.0650244,96.934975
Italy,ITA,1990,2.480118,97.51988
Italy,ITA,1995,2.021261,97.97874
Italy,ITA,2000,1.6307478,98.369255
Italy,ITA,2005,1.2837485,98.716255
Italy,ITA,2010,1.0003299,98.99967
Italy,ITA,2015,0.7750836,99.224915
Italy,ITA,2020,0.636458,99.36354
Japan,JPN,1950,3.3552842,96.644714
Japan,JPN,1955,2.397191,97.602806
Japan,JPN,1960,1.6855203,98.314476
Japan,JPN,1965,1.1492376,98.85076
Japan,JPN,1970,0.822323,99.17767
Japan,JPN,1975,0.6099692,99.39003
Japan,JPN,1980,0.46128044,99.53872
Japan,JPN,1985,0.3523912,99.647606
Japan,JPN,1990,0.27168062,99.72832
Japan,JPN,1995,0.21432821,99.785675
Japan,JPN,2000,0.174509,99.82549
Japan,JPN,2005,0.14618386,99.85381
Japan,JPN,2010,0.12572566,99.874275
Japan,JPN,2015,0.105705865,99.894295
Japan,JPN,2020,0.10036245,99.899635
Kenya,KEN,1950,78.34426,21.655739
Kenya,KEN,1955,74.10841,25.891586
Kenya,KEN,1960,69.36933,30.630669
Kenya,KEN,1965,63.29527,36.70473
Kenya,KEN,1970,56.144238,43.855762
Kenya,KEN,1975,49.14818,50.85182
Kenya,KEN,1980,42.135075,57.864925
Kenya,KEN,1985,35.927982,64.07202
Kenya,KEN,1990,30.25458,69.74542
Kenya,KEN,1995,25.419231,74.580765
Kenya,KEN,2000,21.554516,78.44548
Kenya,KEN,2005,18.556797,81.44321
Kenya,KEN,2010,16.282919,83.71708
Kenya,KEN,2015,12.915717,87.08428
Kenya,KEN,2020,13.385207,86.61479
Mexico,MEX,1950,47.34831,52.65169
Mexico,MEX,1955,44.322147,55.677853
Mexico,MEX,1960,40.51878,59.48122
Mexico,MEX,1965,36.176723,63.823277
Mexico,MEX,1970,31.165209,68.83479
Mexico,MEX,1975,26.395266,73.60474
Mexico,MEX,1980,22.152859,77.84714
Mexico,MEX,1985,18.346987,81.653015
Mexico,MEX,1990,14.935738,85.06426
Mexico,MEX,1995,12.3423395,87.65766
Mexico,MEX,2000,10.301426,89.69858
Mexico,MEX,2005,8.549897,91.4501
Mexico,MEX,2010,6.9680543,93.031944
Mexico,MEX,2015,5.629442,94.37056
Mexico,MEX,2020,5.1378775,94.86212
Netherlands,NLD,1950,0,100
Netherlands,NLD,1955,0,100
Netherlands,NLD,1960,0,100
Netherlands,NLD,1965,0,100
Netherlands,NLD,1970,0,100
Netherlands,NLD,1975,0,100
Netherlands,NLD,1980,0,100
Netherlands,NLD,1985,0,100
Netherlands,NLD,1990,0,100
Netherlands,NLD,1995,0,100
Netherlands,NLD,2000,0,100
Netherlands,NLD,2005,0,100
Netherlands,NLD,2010,0,100
Netherlands,NLD,2015,0,100
Netherlands,NLD,2020,0.010220072,99.98978
Nigeria,NGA,1950,88.11312,11.886879
Nigeria,NGA,1955,86.196304,13.803696
Nigeria,NGA,1960,83.98762,16.012383
Nigeria,NGA,1965,81.2906,18.709396
Nigeria,NGA,1970,78.27331,21.726692
Nigeria,NGA,1975,74.485596,25.514404
Nigeria,NGA,1980,69.5429,30.4571
Nigeria,NGA,1985,64.30718,35.692818
Nigeria,NGA,1990,58.6096,41.3904
Nigeria,NGA,1995,53.03662,46.96338
Nigeria,NGA,2000,48.006287,51.993713
Nigeria,NGA,2005,43.616783,56.383217
Nigeria,NGA,2010,39.61598,60.38402
Nigeria,NGA,2015,35.69368,64.30632
Nigeria,NGA,2020,29.720373,70.279625
Poland,POL,1950,0,100
Poland,POL,1955,0,100
Poland,POL,1960,0,100
Poland,POL,1965,0,100
Poland,POL,1970,0,100
Poland,POL,1975,0,100
Poland,POL,1980,0,100
Poland,POL,1985,0,100
Poland,POL,1990,0,100
Poland,POL,1995,0,100
Poland,POL,2000,0,100
Poland,POL,2005,0,100
Poland,POL,2010,0,100
Poland,POL,2015,0,100
Poland,POL,2020,0.010435627,99.98956
Russia,RUS,1950,2.5221856,97.47781
Russia,RUS,1955,1.9839472,98.01605
Russia,RUS,1960,1.6674414,98.33256
Russia,RUS,1965,1.3266022,98.6734
Russia,RUS,1970,1.0392833,98.96072
Russia,RUS,1975,0.81327343,99.18673
Russia,RUS,1980,0.64989024,99.35011
Russia,RUS,1985,0.52799153,99.47201
Russia,RUS,1990,0.43350202,99.5665
Russia,RUS,1995,0.3599128,99.64009
Russia,RUS,2000,0.30611828,99.69388
Russia,RUS,2005,0.27316594,99.72684
Russia,RUS,2010,0.2533636,99.746635
Russia,RUS,2015,0.22988659,99.77011
Russia,RUS,2020,0.23206826,99.76793
South Africa,ZAF,1950,56.217575,43.782425
South Africa,ZAF,1955,51.20836,48.79164
South Africa,ZAF,1960,45.91777,54.08223
South Africa,ZAF,1965,40.791145,59.208855
South Africa,ZAF,1970,35.0158,64.9842
South Africa,ZAF,1975,29.661537,70.33846
South Africa,ZAF,1980,24.89983,75.100174
South Africa,ZAF,1985,20.587952,79.41205
South Africa,ZAF,1990,16.88149,83.11851
South Africa,ZAF,1995,13.849909,86.15009
South Africa,ZAF,2000,11.399612,88.60039
South Africa,ZAF,2005,9.235777,90.76422
South Africa,ZAF,2010,7.3926444,92.60735
South Africa,ZAF,2015,5.7340117,94.26599
South Africa,ZAF,2020,5.361598,94.638405
Spain,ESP,1950,22.103752,77.89625
Spain,ESP,1955,18.72685,81.27315
Spain,ESP,1960,15.491613,84.508385
Spain,ESP,1965,12.699865,87.30013
Spain,ESP,1970,10.313095,89.686905
Spain,ESP,1975,8.161989,91.83801
Spain,ESP,1980,6.490949,93.50905
Spain,ESP,1985,5.2092566,94.79074
Spain,ESP,1990,4.1842623,95.815735
Spain,ESP,1995,3.3719633,96.62804
Spain,ESP,2000,2.7361565,97.26384
Spain,ESP,2005,2.1955152,97.80448
Spain,ESP,2010,1.7988026,98.201195
Spain,ESP,2015,1.4898344,98.51016
Spain,ESP,2020,1.3559046,98.6441
Sweden,SWE,1950,0,100
Sweden,SWE,1955,0,100
Sweden,SWE,1960,0,100
Sweden,SWE,1965,0,100
Sweden,SWE,1970,0,100
Sweden,SWE,1975,0,100
Sweden,SWE,1980,0,100
Sweden,SWE,1985,0,100
Sweden,SWE,1990,0,100
Sweden,SWE,1995,0,100
Sweden,SWE,2000,0,100
Sweden,SWE,2005,0,100
Sweden,SWE,2010,0,100
Sweden,SWE,2015,0,100
Sweden,SWE,2020,0.009423406,99.99058
Thailand,THA,1950,49.915306,50.084694
Thailand,THA,1955,41.712097,58.287903
Thailand,THA,1960,34.36548,65.63452
Thailand,THA,1965,27.749176,72.250824
Thailand,THA,1970,22.000687,77.99931
Thailand,THA,1975,16.96172,83.038284
Thailand,THA,1980,12.993407,87.00659
Thailand,THA,1985,9.914122,90.08588
Thailand,THA,1990,7.850814,92.149185
Thailand,THA,1995,6.4082522,93.59175
Thailand,THA,2000,5.3480873,94.65192
Thailand,THA,2005,4.519478,95.48052
Thailand,THA,2010,3.729064,96.270935
Thailand,THA,2015,2.9532635,97.04674
Thailand,THA,2020,2.7397833,97.260216
Turkey,TUR,1950,61.075775,38.924225
Turkey,TUR,1955,53.960926,46.039074
Turkey,TUR,1960,47.41806,52.58194
Turkey,TUR,1965,41.03945,58.96055
Turkey,TUR,1970,34.106163,65.89384
Turkey,TUR,1975,28.250216,71.74979
Turkey,TUR,1980,22.835463,77.164536
Turkey,TUR,1985,18.283216,81.71678
Turkey,TUR,1990,14.43463,85.56537
Turkey,TUR,1995,11.360759,88.639244
Turkey,TUR,2000,8.990974,91.009026
Turkey,TUR,2005,7.1650805,92.83492
Turkey,TUR,2010,5.6759744,94.32403
Turkey,TUR,2015,4.4227247,95.57728
Turkey,TUR,2020,2.8455667,97.154434
United Kingdom,GBR,1950,0,100
United Kingdom,GBR,1955,0,100
United Kingdom,GBR,1960,0,100
United Kingdom,GBR,1965,0,100
United Kingdom,GBR,1970,0,100
United Kingdom,GBR,1975,0,100
United Kingdom,GBR,1980,0,100
United Kingdom,GBR,1985,0,100
United Kingdom,GBR,1990,0,100
United Kingdom,GBR,1995,0,100
United Kingdom,GBR,2000,0,100
United Kingdom,GBR,2005,0,100
United Kingdom,GBR,2010,0,100
United Kingdom,GBR,2015,0,100
United Kingdom,GBR,2020,0.010362298,99.98964
United States,USA,1950,4.166215,95.833786
United States,USA,1955,3.561091,96.43891
United States,USA,1960,3.031237,96.968765
United States,USA,1965,2.5885887,97.41141
United States,USA,1970,2.259851,97.74015
United States,USA,1975,2.012823,97.987175
United States,USA,1980,1.8236006,98.1764
United States,USA,1985,1.6878929,98.3121
United States,USA,1990,1.575507,98.42449
United States,USA,1995,1.472834,98.52717
United States,USA,2000,1.3674586,98.63254
United States,USA,2005,1.2538421,98.746155
United States,USA,2010,1.1180508,98.88195
United States,USA,2015,0.98379004,99.01621
United States,USA,2020,0.89434767,99.10565
World,OWID_WRL,1820,82.81073,17.189274
World,OWID_WRL,1870,76.1,23.9
World,OWID_WRL,1880,73.3,26.7
World,OWID_WRL,1890,70.4,29.6
World,OWID_WRL,1900,66.8,33.2
World,OWID_WRL,1910,64.4,35.6
World,OWID_WRL,1920,61.4,38.6
World,OWID_WRL,1930,59.1,40.9
World,OWID_WRL,1940,54.1,45.9
World,OWID_WRL,1950,45.658356,54.341644
World,OWID_WRL,1955,42.505016,57.494984
World,OWID_WRL,1960,39.48105,60.51895
World,OWID_WRL,1965,36.15206,63.84794
World,OWID_WRL,1970,32.879738,67.12026
World,OWID_WRL,1975,29.93702,70.06298
World,OWID_WRL,1980,27.202904,72.7971
World,OWID_WRL,1985,24.677483,75.32252
World,OWID_WRL,1990,22.429039,77.57096
World,OWID_WRL,1995,20.643742,79.35626
World,OWID_WRL,2000,18.871643,81.12836
World,OWID_WRL,2005,17.038149,82.96185
World,OWID_WRL,2010,15.306504,84.6935
World,OWID_WRL,2015,13.8937645,86.10623
World,OWID_WRL,2020,13.064211,86.93579