Entity,Year,‘cost of basic needs’ approach - share of population below poverty line,$1.90 - share of population below poverty line,$5 - share of population below poverty line,$10 - share of population below poverty line,$30 - share of population below poverty line,‘cost of basic needs’ approach - share of population above poverty line,$1.90 - share of population above poverty line,$5 - share of population above poverty line,$10 - share of population above poverty line,$30 - share of population above poverty line,$1.90-$5 - share of population between poverty lines,$5-$10 - share of population between poverty lines,$10-$30 - share of population between poverty lines,‘cost of basic needs’ approach - number below poverty line,$1.90 - number below poverty line,$5 - number below poverty line,$10 - number below poverty line,$30 - number below poverty line,‘cost of basic needs’ approach - number above poverty line,$1.90 - number above poverty line,$5 - number above poverty line,$10 - number above poverty line,$30 - number above poverty line,$1.90-$5 - number between poverty lines,$5-$10 - number between poverty lines,$10-$30 - number between poverty lines
World,1820,75.6466542576312,79.3632175642386,96.2836771947996,99.2327397240524,99.946296090761,24.3533457423688,20.636782435761404,3.716322805200406,0.7672602759476064,0.0537039092390045,16.920459630560998,2.949062529252799,0.7135563667086018,757304073.0,794510854.0,963902787.0,993426064.0,1000569528.0,243803088.0,206596307.0,37204374.0,7681098.0,537634.0,169391933.0,29523276.0,7143464.0
World,1821,75.4302007241329,79.2337221030612,96.20854519035908,99.2059258068446,99.9436565123822,24.569799275867094,20.766277896938803,3.79145480964091,0.7940741931554101,0.0563434876178092,16.974823087297892,2.9973806164855006,0.7377307055376008,760697059.0,799054739.0,970242114.0,1000470041.0,1007909893.0,247781046.0,209423366.0,38235992.0,8008064.0,568212.0,171187374.0,30227927.0,7439853.0
World,1822,75.4256442062658,79.2968006759164,96.2167938614041,99.2142978178526,99.9455521093935,24.5743557937342,20.7031993240836,3.783206138595901,0.7857021821473893,0.0544478906064966,16.919993185487698,2.9975039564485115,0.7312542915408926,766207821.0,805532780.0,977413726.0,1007863728.0,1015292140.0,249637425.0,210312466.0,38431520.0,7981518.0,553106.0,171880946.0,30450001.0,7428412.0
World,1823,75.3046082241567,79.2390113586316,96.1666251674146,99.19852389200072,99.9442610632305,24.695391775843305,20.7609886413684,3.833374832585406,0.8014761079992923,0.0557389367695009,16.927613808782993,3.0318987245861138,0.7457371712297913,770555161.0,810813981.0,984025959.0,1015049893.0,1022680656.0,252695845.0,212437025.0,39225047.0,8201112.0,570349.0,173211979.0,31023934.0,7630763.0
World,1824,75.1451458001532,79.1250433739178,96.0768471167678,99.1665142698599,99.9412426425181,24.8548541998468,20.874956626082195,3.9231528832321914,0.8334857301400973,0.0587573574818947,16.951803742850004,3.089667153092094,0.7747283726582026,774533657.0,815555131.0,990280223.0,1022125942.0,1030111198.0,256183163.0,215161689.0,40436597.0,8590878.0,605622.0,174725092.0,31845719.0,7985256.0
World,1825,75.1571346799761,79.2061894794357,96.1127964599875,99.1867771020167,99.944229418755,24.842865320023904,20.793810520564307,3.887203540012493,0.8132228979832945,0.0557705812449995,16.906606980551814,3.0739806420291984,0.7574523167382949,780255456.0,822291347.0,997809911.0,1029722918.0,1037586526.0,257910061.0,215874171.0,40355607.0,8442600.0,578991.0,175518564.0,31913007.0,7863609.0
World,1826,75.114252657869,79.228903124461,96.1109958773081,99.1918745251487,99.945916670566,24.885747342131,20.771096875539,3.889004122691901,0.8081254748512947,0.0540833294339933,16.8820927528471,3.0808786478406063,0.7540421454173014,785413572.0,828437395.0,1004960815.0,1037175259.0,1045059714.0,260211651.0,217187828.0,40664408.0,8449964.0,565509.0,176523420.0,32214444.0,7884455.0
World,1827,75.0452392460091,79.2253772314169,96.0900198437723,99.18772472996052,99.9457415266408,24.954760753990897,20.7746227685831,3.909980156227704,0.8122752700394926,0.0542584733591979,16.864642612355397,3.097704886188211,0.7580167966802946,790222053.0,834238666.0,1011822382.0,1044441037.0,1052422910.0,262772195.0,218755583.0,41171866.0,8553212.0,571339.0,177583717.0,32618654.0,7981873.0
World,1828,74.9764483057202,79.2414111856211,96.0926948800698,99.1951747769374,99.9475086544775,25.023551694279803,20.758588814378896,3.9073051199302,0.8048252230625934,0.0524913455224975,16.851283694448696,3.1024798968676066,0.7523338775400958,795014066.0,840237674.0,1018920552.0,1051817751.0,1059795136.0,265337663.0,220114055.0,41431177.0,8533978.0,556593.0,178682878.0,32897199.0,7977385.0
World,1829,74.9095529276493,79.2200011628316,96.0780344477076,99.1949834594109,99.9482357049884,25.0904470723507,20.779998837168407,3.921965552292391,0.8050165405890937,0.0517642950116084,16.858033284876015,3.116949011703298,0.7532522455774853,799852648.0,845877798.0,1025880776.0,1059162244.0,1067205154.0,267905224.0,221880073.0,41877096.0,8595627.0,552717.0,180002977.0,33281468.0,8042910.0
World,1830,74.94957245562371,79.2729949781268,96.0637944710768,99.193933978468,99.9488640665478,25.05042754437629,20.727005021873197,3.936205528923196,0.8060660215320041,0.0511359334522012,16.79079949295,3.130139507391192,0.7549300880798029,805955154.0,852446209.0,1033002694.0,1066662020.0,1074780009.0,269374735.0,222883680.0,42327195.0,8667869.0,549880.0,180556485.0,33659326.0,8117989.0
World,1831,74.94343142736581,79.2346422925531,96.0016994851496,99.1747852574968,99.9479546553498,25.05656857263419,20.765357707446896,3.998300514850399,0.8252147425032064,0.052045344650196,16.767057192596496,3.173085772347193,0.7731693978530103,809697637.0,856060383.0,1037213639.0,1071496030.0,1079849443.0,270714110.0,224351364.0,43198108.0,8915717.0,562304.0,181153256.0,34282391.0,8353413.0
World,1832,74.9050605005299,79.1835442687925,95.9462139338286,99.1579541626292,99.9471739891987,25.0949394994701,20.816455731207498,4.053786066171412,0.8420458373707902,0.0528260108012972,16.762669665036086,3.211740228800622,0.789219826569493,813007853.0,859445849.0,1041385253.0,1076244981.0,1084811050.0,272376562.0,225938566.0,43999162.0,9139434.0,573365.0,181939404.0,34859728.0,8566069.0
World,1833,74.8883713832974,79.1705619057028,95.927210822865,99.1579430085534,99.9484218919161,25.111628616702603,20.829438094297203,4.072789177135007,0.8420569914466114,0.0515781080839019,16.756648917162195,3.230732185688396,0.7904788833627094,816527529.0,863217374.0,1045919506.0,1081145025.0,1089763824.0,273798664.0,227108819.0,44406687.0,9181168.0,562370.0,182702132.0,35225519.0,8618798.0
World,1834,74.7834087689733,79.0670916682433,95.8551573575302,99.1398327325911,99.9480445813785,25.216591231026698,20.932908331756707,4.144842642469797,0.8601672674088974,0.0519554186215032,16.78806568928691,3.2846753750608997,0.8082118487873942,819032243.0,865947387.0,1049811259.0,1085785215.0,1094636798.0,276173574.0,229258430.0,45394558.0,9420602.0,569019.0,183863872.0,35973956.0,8851583.0
World,1835,74.5725705707827,78.8161403780443,95.6482030558532,99.0663603943717,99.9422807495198,25.427429429217295,21.183859621955705,4.351796944146798,0.9336396056283008,0.0577192504802042,16.832062677808906,3.4181573385184976,0.8759203551480965,820692203.0,867393887.0,1052635492.0,1090253279.0,1099893029.0,279836043.0,233134359.0,47892755.0,10274968.0,635217.0,185241604.0,37617787.0,9639751.0
World,1836,74.6558945032087,78.905884542119,95.6896727889051,99.0891221049625,99.9455364800333,25.3441054967913,21.094115457881003,4.310327211094901,0.9108778950375012,0.0544635199667027,16.783788246786102,3.3994493160573995,0.8564143750707984,825369173.0,872355560.0,1057911189.0,1095494298.0,1104962513.0,280195469.0,233209082.0,47653454.0,10070344.0,602129.0,185555628.0,37583110.0,9468215.0
World,1837,74.7207475568225,79.01912667472189,95.7921431033411,99.1377605925858,99.9513602738175,25.279252443177494,20.98087332527811,4.207856896658896,0.8622394074141937,0.0486397261825004,16.773016428619215,3.3456174892447024,0.8135996812316932,829791204.0,877525699.0,1063793931.0,1100947788.0,1109983001.0,280731952.0,232997457.0,46729225.0,9575368.0,540155.0,186268231.0,37153857.0,9035213.0
World,1838,74.5986723121522,78.87952870756,95.6857312629795,99.1052078591727,99.9497522389117,25.401327687847797,21.12047129244,4.314268737020498,0.8947921408273061,0.0502477610883005,16.806202555419503,3.419476596193192,0.8445443797390055,832316225.0,880078821.0,1067589867.0,1105741831.0,1115164626.0,283409027.0,235646432.0,48135386.0,9983422.0,560627.0,187511046.0,38151964.0,9422795.0
World,1839,74.6700305038878,78.9458327500542,95.7071268164347,99.1195263175827,99.95241119344968,25.3299694961122,21.05416724994581,4.292873183565305,0.8804736824173034,0.0475888065503085,16.7612940663805,3.412399501148002,0.8328848758669949,836979033.0,884906653.0,1072784595.0,1111034303.0,1120370139.0,283924531.0,235996911.0,48118969.0,9869261.0,533425.0,187877943.0,38249708.0,9335836.0
World,1840,74.7315550136683,79.0002166632774,95.75444432621772,99.1438608071952,99.9552733307188,25.2684449863317,20.9997833367226,4.245555673782292,0.8561391928047897,0.0447266692812036,16.75422766294031,3.389416480977502,0.8114125235235861,841569523.0,889639920.0,1078313197.0,1116482209.0,1125619716.0,284553870.0,236483473.0,47810196.0,9641184.0,503677.0,188673277.0,38169012.0,9137506.0
World,1841,74.59846546203251,78.88718164851551,95.6863234834071,99.1222542406912,99.953925881804,25.401534537967493,21.112818351484492,4.313676516592906,0.8777457593087945,0.0460741181960031,16.799141834891586,3.435930757284112,0.8316716411127913,843850582.0,892364122.0,1082394380.0,1121261294.0,1130669083.0,287339687.0,238826147.0,48795889.0,9928975.0,521186.0,190030258.0,38866914.0,9407789.0
World,1842,74.7137241801457,78.9972943343557,95.7527263335551,99.1571634145732,99.9588801071654,25.286275819854296,21.0027056656443,4.247273666444897,0.8428365854267952,0.041119892834601,16.755431999199402,3.404437081018102,0.8017166925921941,848899286.0,897569322.0,1087944978.0,1126626281.0,1135735407.0,287303326.0,238633290.0,48257634.0,9576331.0,467205.0,190375656.0,38681303.0,9109126.0
World,1843,74.6848947258911,78.9380897659633,95.6924196999006,99.1463551633252,99.9599631019137,25.3151052741089,21.061910234036706,4.307580300099403,0.8536448366748033,0.0400368980862992,16.7543299339373,3.4539354634245996,0.813607938588504,852312188.0,900850115.0,1092052361.0,1131469050.0,1140754033.0,288898750.0,240360823.0,49158578.0,9741888.0,456905.0,191202246.0,39416689.0,9284983.0
World,1844,74.4836367048894,78.7043854946045,95.5143217777912,99.0892239057541,99.9572338952324,25.51636329511059,21.295614505395505,4.485678222208804,0.9107760942459038,0.042766104767594,16.8099362831867,3.5749021279629005,0.8680099894783098,853891128.0,902278399.0,1094989928.0,1135973120.0,1145924111.0,292523260.0,244135989.0,51424461.0,10441268.0,490277.0,192711528.0,40983192.0,9950991.0
World,1845,74.2902226099045,78.51754755469351,95.3748318804584,99.048687132354,99.9562751465928,25.709777390095496,21.482452445306492,4.625168119541598,0.95131286764601,0.0437248534071983,16.857284325764894,3.673855251895589,0.9075880142388116,855463817.0,904142141.0,1098256471.0,1140561503.0,1151012524.0,296052206.0,247373882.0,53259552.0,10954520.0,503499.0,194114330.0,42305032.0,10451021.0
World,1846,74.384502336778,78.63887836591779,95.4650493062215,99.0875374671006,99.9602233276311,25.615497663222,21.36112163408221,4.534950693778498,0.9124625328994114,0.0397766723689017,16.82617094030371,3.622488160879086,0.8726858605305097,860141234.0,909336485.0,1103905017.0,1145793466.0,1155884723.0,296203444.0,247008193.0,52439661.0,10551212.0,459955.0,194568532.0,41888449.0,10091257.0
World,1847,74.3165613235335,78.59990537262081,95.4196788025044,99.0681771209362,99.9584806987852,25.683438676466498,21.40009462737919,4.580321197495593,0.9318228790638016,0.0415193012148051,16.819773429883597,3.648498318431791,0.8903035778489965,862394855.0,912100248.0,1107282665.0,1149621090.0,1159952478.0,298039427.0,248334034.0,53151617.0,10813192.0,481804.0,195182417.0,42338425.0,10331388.0
World,1848,74.1941791493413,78.514847043572,95.308234535155,99.0466383303446,99.9621660718788,25.805820850658705,21.485152956427996,4.691765464845005,0.9533616696553936,0.0378339281212021,16.79338749158299,3.738403795189612,0.9155277415341914,863565012.0,913854370.0,1109316898.0,1152829136.0,1163485197.0,300360544.0,250071186.0,54608657.0,11096420.0,440359.0,195462529.0,43512237.0,10656061.0
World,1849,73.933247888989,78.2762849678848,95.1195513459524,98.9815750149843,99.9592554794064,26.066752111011,21.72371503211519,4.880448654047598,1.0184249850156988,0.0407445205936056,16.843266378067597,3.862023669031899,0.9776804644220932,863569165.0,914297532.0,1111033451.0,1156143393.0,1167563082.0,304469829.0,253741463.0,57005543.0,11895601.0,475912.0,196735919.0,45109942.0,11419689.0
World,1850,73.80683754190251,78.2136231727242,95.0871388235513,98.973286441338,99.9591255433835,26.19316245809749,21.7863768272758,4.9128611764487005,1.0267135586619958,0.0408744566165069,16.873515650827102,3.8861476177867047,0.9858391020454887,865185069.0,916842683.0,1114638908.0,1160193452.0,1171749743.0,307043816.0,255386202.0,57589978.0,12035433.0,479142.0,197796224.0,45554545.0,11556291.0
World,1851,73.3792765816584,77.9443421326034,94.87972018427128,98.8772066567178,99.952533980649,26.6207234183416,22.055657867396604,5.120279815728708,1.122793343282197,0.0474660193509919,16.935378051667897,3.9974864724465102,1.0753273239312051,860813337.0,914366186.0,1113035347.0,1159929917.0,1172544597.0,312288085.0,258735236.0,60066075.0,13171505.0,556825.0,198669161.0,46894571.0,12614680.0
World,1852,73.18959709033311,77.7000089499551,94.68276962822632,98.787955687797,99.9430320635519,26.81040290966689,22.299991050044895,5.3172303717736895,1.2120443122029911,0.0569679364481032,16.982760678271205,4.105186059570698,1.155076375754888,859877234.0,912868378.0,1112392489.0,1160622786.0,1174193347.0,314985408.0,261994264.0,62470153.0,14239856.0,669295.0,199524111.0,48230297.0,13570561.0
World,1853,73.1406384889579,77.5274443753043,94.6903295736119,98.805158038583,99.94184169465927,26.859361511042096,22.4725556246957,5.309670426388095,1.1948419614169978,0.0581583053407115,17.162885198307606,4.114828464971097,1.1366836560762863,860461903.0,912070413.0,1113982908.0,1162391744.0,1175764241.0,315986540.0,264378031.0,62465535.0,14056700.0,684202.0,201912496.0,48408835.0,13372497.0
World,1854,73.1455013422055,77.5103561165339,94.6589641335075,98.7843765284709,99.9378572106686,26.854498657794498,22.4896438834661,5.341035866492504,1.2156234715290992,0.0621427893314034,17.148608016973597,4.125412394963405,1.1534806821976955,861732596.0,913155275.0,1115184303.0,1163786093.0,1177375335.0,316374848.0,264952169.0,62923141.0,14321351.0,732109.0,202029028.0,48601791.0,13589242.0
World,1855,73.0738718898819,77.5048305394652,94.6254488700772,98.7555113949543,99.936713571291,26.9261281101181,22.495169460534797,5.374551129922793,1.244488605045703,0.0632864287089916,17.120618330612004,4.13006252487709,1.181202176336711,862201138.0,914482172.0,1116488939.0,1165219689.0,1179156735.0,317702315.0,265421281.0,63414514.0,14683764.0,746719.0,202006767.0,48730750.0,13937045.0
World,1856,73.0445737987146,77.250863955649,94.5663936375517,98.7045220543762,99.9264789821637,26.955426201285405,22.749136044351005,5.433606362448302,1.2954779456238017,0.073521017836299,17.315529681902703,4.1381284168245,1.2219569277875024,863555980.0,913284068.0,1117993719.0,1166915978.0,1181362338.0,318675547.0,268947458.0,64237807.0,15315549.0,869189.0,204709651.0,48922259.0,14446360.0
World,1857,72.6964938087296,76.8261261675243,94.3935485260729,98.62993160860267,99.918202435703,27.3035061912704,23.173873832475707,5.606451473927095,1.3700683913973108,0.0817975642970054,17.567422358548612,4.236383082529784,1.2882708271003054,860992286.0,909902232.0,1117964745.0,1168139010.0,1183396847.0,323373343.0,274463397.0,66400884.0,16226619.0,968782.0,208062512.0,50174265.0,15257837.0
World,1858,72.6160353853693,76.7131364671434,94.3378118369076,98.5972582898746,99.9133998192677,27.3839646146307,23.2868635328566,5.662188163092395,1.4027417101253974,0.0866001807323044,17.624675369764205,4.259446452966998,1.316141529393093,861559451.0,910169873.0,1119279412.0,1169815995.0,1185431474.0,324899499.0,276289077.0,67179538.0,16642955.0,1027476.0,209109538.0,50536584.0,15615479.0
World,1859,72.39063486313741,76.4855699768419,94.1395118071232,98.5253669304572,99.9035671107671,27.609365136862593,23.5144300231581,5.860488192876801,1.47463306954279,0.0964328892329007,17.653941830281298,4.385855123334011,1.3782001803098891,860432802.0,909105072.0,1118939267.0,1171069403.0,1187450647.0,328164043.0,279491773.0,69657578.0,17527442.0,1146198.0,209834196.0,52130136.0,16381244.0
World,1860,72.0527134352469,76.1453099596843,93.9913234460879,98.445623428118,99.8918152397144,27.9472865647531,23.854690040315703,6.008676553912096,1.5543765718820026,0.1081847602855958,17.846013486403606,4.4542999820300935,1.4461918115964068,858081160.0,906820198.0,1119349710.0,1172396302.0,1189619108.0,332826329.0,284087290.0,71557779.0,18511187.0,1288380.0,212529511.0,53046592.0,17222807.0
World,1861,72.1218655072978,76.1727647147119,94.0574746253495,98.4605556004267,99.8922474998474,27.8781344927022,23.827235285288097,5.942525374650501,1.5394443995732985,0.1077525001525998,17.884709910637596,4.403080975077202,1.4316918994206986,861436541.0,909821210.0,1123439404.0,1176030596.0,1193130981.0,332981455.0,284596786.0,70978593.0,18387401.0,1287015.0,213618194.0,52591192.0,17100386.0
World,1862,72.1981654857965,76.11606037636331,93.8948914210047,98.3894325385041,99.883421810314,27.801834514203502,23.883939623636692,6.105108578995299,1.6105674614959042,0.1165781896859954,17.778831044641393,4.494541117499395,1.4939892718099088,865386637.0,912347579.0,1125449432.0,1179322211.0,1197229568.0,333240269.0,286279326.0,73177474.0,19304695.0,1397338.0,213101852.0,53872779.0,17907357.0
World,1863,71.67324713858049,75.5964592804412,93.4749334763987,98.1803941764982,99.85243019312688,28.326752861419507,24.403540719558805,6.525066523601296,1.8196058235018029,0.1475698068731077,17.87847419595751,4.7054607000994935,1.6720360166286952,861985283.0,909168176.0,1124185386.0,1180776067.0,1200884971.0,340674450.0,293491558.0,78474348.0,21883667.0,1774763.0,215017210.0,56590681.0,20108904.0
World,1864,71.4046758728619,75.3129762225195,93.44403770067628,98.1600116516813,99.84946178203847,28.5953241271381,24.687023777480505,6.55596229932371,1.8399883483186985,0.1505382179615111,18.131061478156795,4.715973951005012,1.6894501303571872,861415061.0,908564197.0,1127294543.0,1184187329.0,1204568597.0,344969606.0,297820470.0,79090124.0,22197337.0,1816070.0,218730346.0,56892787.0,20381267.0
World,1865,71.9465201959506,75.5775022733562,93.4972951361149,98.181712408715,99.85209425922608,28.0534798040494,24.422497726643797,6.5027048638851,1.8182875912849992,0.1479057407739077,17.919792862758698,4.6844172726001005,1.6703818505110917,871303274.0,915276027.0,1132292419.0,1189022725.0,1209251767.0,339739695.0,295766941.0,78750550.0,22020244.0,1791202.0,217016391.0,56730306.0,20229042.0
World,1866,71.9025968914739,75.523793842699,93.4509301688105,98.1606711791482,99.8484689216424,28.097403108526095,24.476206157300993,6.549069831189499,1.8393288208518044,0.1515310783576069,17.927136326111494,4.709741010337694,1.6877977424941977,873458313.0,917447887.0,1135223140.0,1192436128.0,1212939156.0,341321613.0,297332039.0,79556786.0,22343797.0,1840769.0,217775253.0,57212988.0,20503028.0
World,1867,71.9064612210792,75.6758105718178,93.569778840966,98.2223600069045,99.8605023143096,28.0935387789208,24.32418942818219,6.430221159034005,1.7776399930955051,0.1394976856904008,17.89396826914819,4.6525811659385,1.6381423074051042,875798473.0,921707983.0,1139650986.0,1196317987.0,1216270054.0,342170619.0,296261109.0,78318106.0,21651106.0,1699039.0,217943003.0,56667001.0,19952067.0
World,1868,71.5809820761938,75.2662729057936,93.42133299010092,98.1339664363607,99.8516595642078,28.41901792380619,24.7337270942064,6.5786670098990925,1.8660335636393055,0.1483404357922069,18.15506008430731,4.712633446259787,1.7176931278470988,874279588.0,919291188.0,1141034422.0,1198593834.0,1219573485.0,347105705.0,302094105.0,80350871.0,22791460.0,1811808.0,221743234.0,57559412.0,20979651.0
World,1869,71.4956878263408,74.9931743206152,93.1369083393425,98.0186091848445,99.8399350194861,28.5043121736592,25.006825679384804,6.863091660657503,1.9813908151555069,0.1600649805138942,18.1437340187273,4.881700845501996,1.8213258346416128,876682568.0,919568867.0,1142047954.0,1201907536.0,1224240696.0,349520850.0,306634551.0,84155465.0,24295882.0,1962722.0,222479087.0,59859583.0,22333160.0
World,1870,71.4971999328249,75.0511935731394,93.1306090916942,98.0345517261222,99.8523475002833,28.5028000671751,24.9488064268606,6.869390908305789,1.9654482738777972,0.147652499716699,18.07941551855481,4.903942634427992,1.8177957741610984,882952391.0,926842322.0,1150113488.0,1210674571.0,1233123382.0,351994421.0,308104490.0,84833324.0,24272241.0,1823430.0,223271166.0,60561083.0,22448811.0
World,1871,71.1647415229146,74.86541820186619,93.0175432209861,97.9959782761523,99.85067674417712,28.835258477085404,25.13458179813381,6.982456779013901,2.0040217238477,0.1493232558228925,18.152125019119907,4.9784350551662016,1.854698468024807,883372221.0,929308943.0,1154632364.0,1216429978.0,1239452462.0,357933800.0,311997077.0,86673656.0,24876042.0,1853559.0,225323421.0,61797614.0,23022484.0
World,1872,70.2785069489104,74.2626518668411,92.6674831876393,97.8427684306707,99.8363220293498,29.721493051089595,25.737348133158903,7.332516812360694,2.157231569329298,0.1636779706501983,18.40483132079821,5.1752852430313965,1.9935535986790995,877577050.0,927327597.0,1157151170.0,1221775644.0,1246669412.0,371136231.0,321385684.0,91562111.0,26937637.0,2043869.0,229823573.0,64624474.0,24893769.0
World,1873,69.858272642356,73.9239291410467,92.5300439417274,97.8134772008574,99.8340731400808,30.141727357644,26.0760708589533,7.469956058272601,2.186522799142594,0.1659268599191961,18.6061148006807,5.283433259130007,2.020595939223398,877755522.0,928839700.0,1162621891.0,1229007195.0,1254395588.0,378724904.0,327640726.0,93858536.0,27473231.0,2084839.0,233782191.0,66385305.0,25388392.0
World,1874,69.492836718424,73.6501278127122,92.2489212517382,97.6823072417546,99.8249339254186,30.507163281576,26.3498721872878,7.75107874826179,2.3176927582454,0.1750660745813945,18.59879343902601,5.43338599001639,2.1426266836640053,878704194.0,931271182.0,1166444166.0,1235146773.0,1262239279.0,385748713.0,333181725.0,98008741.0,29306133.0,2213628.0,235172984.0,68702607.0,27092505.0
World,1875,68.9437947885654,73.1786997386522,92.21758085944772,97.7386824941592,99.83351340479872,31.0562052114346,26.8213002613478,7.7824191405522924,2.2613175058407933,0.1664865952012917,19.03888112079551,5.521101634711499,2.0948309106395016,877044682.0,930917563.0,1173114116.0,1243348904.0,1269997572.0,395070792.0,341197911.0,99001358.0,28766570.0,2117902.0,242196553.0,70234788.0,26648668.0
World,1876,68.7681332780664,73.1261679410944,92.2694668059971,97.8022792776951,99.8471466611087,31.2318667219336,26.87383205890561,7.730533194002902,2.1977207223048936,0.1528533388913047,19.143298864902704,5.5328124716980085,2.044867383413589,880408050.0,936202044.0,1181285248.0,1252119403.0,1278298937.0,399847801.0,344053807.0,98970604.0,28136448.0,1956914.0,245083204.0,70834155.0,26179534.0
World,1877,68.4476761639071,72.9150897330633,92.1369094452443,97.7641211260051,99.8512795369286,31.552323836092896,27.084910266936703,7.863090554755701,2.2358788739949063,0.1487204630713989,19.221819712181,5.627211680760794,2.0871584109235073,882040015.0,939608624.0,1187307525.0,1259821687.0,1286717520.0,406593967.0,349025358.0,101326457.0,28812295.0,1916462.0,247698901.0,72514162.0,26895833.0
World,1878,68.1046998955406,72.58954626341439,91.971019096044,97.6775084492071,99.8455490021257,31.895300104459395,27.41045373658561,8.028980903955997,2.322491550792904,0.1544509978743065,19.381472832629612,5.706489353163093,2.1680405529185975,883153787.0,941311433.0,1192642416.0,1266641827.0,1294756087.0,413605157.0,355447510.0,104116528.0,30117117.0,2002857.0,251330982.0,73999411.0,28114260.0
World,1879,67.7313697697639,72.1868937820644,91.8395222365866,97.6187529540777,99.8356192785478,32.2686302302361,27.8131062179356,8.160477763413397,2.3812470459222936,0.1643807214521899,19.6526284545222,5.779230717491103,2.2168663244701037,883838441.0,941979350.0,1198429921.0,1273844110.0,1302772384.0,421078976.0,362938067.0,106487496.0,31073307.0,2145033.0,256450572.0,75414188.0,28928275.0
World,1880,66.6356757913939,71.223271432648,91.4646936517876,97.4566188586534,99.8181863681816,33.36432420860611,28.776728567351995,8.535306348212401,2.5433811413466003,0.1818136318184002,20.241422219139594,5.991925206865801,2.3615675095282,874444635.0,934646597.0,1200270121.0,1278900776.0,1309891083.0,437832347.0,377630385.0,112006861.0,33376205.0,2385898.0,265623525.0,78630655.0,30990307.0
World,1881,66.5277253618398,71.1121766318817,91.0727184157752,97.2373957690066,99.7934313023596,33.4722746381602,28.887823368118305,8.9272815842248,2.7626042309934036,0.2065686976403924,19.960541783893504,6.164677353231397,2.556035533353011,880498665.0,941174168.0,1205353205.0,1286943101.0,1320772393.0,443007678.0,382332175.0,118153138.0,36563242.0,2733950.0,264179037.0,81589896.0,33829292.0
World,1882,65.8088359439552,70.3298565093143,90.8081151740498,97.1070884083295,99.7828878082592,34.1911640560448,29.670143490685703,9.191884825950195,2.8929115916704973,0.2171121917407958,20.478258664735502,6.2989732342797,2.6757993999297014,877840814.0,938147858.0,1211312563.0,1295336170.0,1331029340.0,456084641.0,395777596.0,122612891.0,38589284.0,2896115.0,273164705.0,84023607.0,35693169.0
World,1883,65.87432193741711,70.3307199679535,90.6681428096194,97.0239777942639,99.779181769599,34.12567806258289,29.6692800320465,9.331857190380603,2.9760222057361005,0.2208182304009938,20.337422841665894,6.355834984644503,2.7552039753351067,886087375.0,946031188.0,1219593527.0,1305087009.0,1342147754.0,459030645.0,399086832.0,125524493.0,40031011.0,2970266.0,273562339.0,85493482.0,37060745.0
World,1884,65.8548528433423,70.2073814563734,90.6215743022411,97.0572911496161,99.7948684117748,34.1451471566577,29.7926185436266,9.3784256977589,2.9427088503838945,0.2051315882251998,20.414192845867703,6.435716847375005,2.7375772621586947,893546949.0,952603928.0,1229592471.0,1316915043.0,1354059668.0,463296033.0,404239054.0,127250511.0,39927939.0,2783314.0,276988543.0,87322572.0,37144625.0
World,1885,65.1753772613353,69.42458515858509,90.5269257443575,97.0755745693246,99.8061341474961,34.8246227386647,30.57541484141491,9.4730742556425,2.9244254306753987,0.1938658525039045,21.10234058577241,6.548648824967103,2.730559578171494,891104903.0,949201843.0,1237721833.0,1327257687.0,1364591035.0,476136746.0,418039806.0,129519817.0,39983962.0,2650615.0,288519989.0,89535854.0,37333348.0
World,1886,65.3214643856083,69.5287728142749,90.3879416165861,96.9794792441166,99.7978942637078,34.678535614391706,30.4712271857251,9.612058383413896,3.0205207558834104,0.2021057362921965,20.859168802311203,6.591537627530485,2.818415019591214,900611195.0,958618913.0,1246211990.0,1337091958.0,1375950488.0,478125800.0,420118082.0,132525005.0,41645037.0,2786507.0,287593077.0,90879968.0,38858531.0
World,1887,63.90317508904299,68.219490196424,90.0062145440742,96.8505637883052,99.7878051580062,36.09682491095701,31.780509803575995,9.993785455925805,3.149436211694806,0.2121948419937922,21.786724347650193,6.844349244230997,2.937241369701013,887497876.0,947443575.0,1250021210.0,1345076665.0,1385869560.0,501318681.0,441372982.0,138795347.0,43739892.0,2946997.0,302577635.0,95055456.0,40792894.0
World,1888,63.24932460898069,67.89599047358121,89.73057784400939,96.66986855645388,99.7700384862789,36.75067539101931,32.10400952641879,10.269422155990611,3.330131443546108,0.2299615137210935,21.83458737042818,6.939290712444503,3.1001699298250145,885876048.0,950957691.0,1256774996.0,1353967361.0,1397388635.0,514733450.0,449651807.0,143834502.0,46642137.0,3220863.0,305817305.0,97192365.0,43421274.0
World,1889,63.2485659518811,67.97139160225079,89.6469969225433,96.66146885295848,99.77905263415568,36.7514340481189,32.02860839774921,10.353003077456703,3.3385311470415076,0.2209473658443101,21.675605320292505,7.014471930415198,3.117583781197198,893803339.0,960544415.0,1266855366.0,1365981067.0,1410037509.0,519356510.0,452615434.0,146304483.0,47178782.0,3122339.0,306310951.0,99125701.0,44056442.0
World,1890,61.988948862688694,66.714370454169,89.2307178821097,96.5070134501816,99.7606586335669,38.011051137311306,33.285629545831,10.7692821178903,3.492986549818397,0.239341366433095,22.5163474279407,7.276295568071902,3.253645183385302,882298209.0,949555859.0,1270034482.0,1373599112.0,1419908743.0,541017116.0,473759466.0,153280843.0,49716213.0,3406582.0,320478624.0,103564630.0,46309631.0
World,1891,63.5409076004712,68.2802106447995,89.3770608930481,96.4562034893738,99.7547523870336,36.4590923995288,31.719789355200504,10.622939106951904,3.543796510626194,0.2452476129664091,21.0968502482486,7.07914259632571,3.298548897659785,911433754.0,979414539.0,1282028747.0,1383572300.0,1430886839.0,522970929.0,454990144.0,152375936.0,50832383.0,3517843.0,302614208.0,101543553.0,47314540.0
World,1892,62.2749319711098,66.9278160155301,89.14177533690551,96.3767865739824,99.73478605994,37.7250680288902,33.0721839844699,10.85822466309449,3.6232134260176,0.2652139400600077,22.213959321375413,7.23501123707689,3.357999485957592,899167844.0,966349350.0,1287089611.0,1391553626.0,1440038708.0,544700203.0,477518697.0,156778436.0,52314421.0,3829339.0,320740261.0,104464015.0,48485082.0
World,1893,61.7290973119596,66.4235234844443,89.1924290059613,96.4556994184161,99.7548347155339,38.2709026880404,33.5764765155557,10.8075709940387,3.5443005815838973,0.2451652844660969,22.768905521517,7.263270412454801,3.2991352971178003,897186567.0,965416564.0,1296345689.0,1401911928.0,1449862408.0,556239137.0,488009140.0,157080015.0,51513776.0,3563295.0,330929125.0,105566239.0,47950480.0
World,1894,61.0581152761446,65.61583932792149,89.0586199609165,96.4459899913719,99.7625546631205,38.9418847238554,34.38416067207851,10.941380039083498,3.5540100086280972,0.2374453368795031,23.44278063299501,7.387370030455401,3.316564671748594,893538160.0,960236916.0,1303303829.0,1411412259.0,1459947611.0,569884279.0,503185523.0,160118611.0,52010180.0,3474828.0,343066912.0,108108431.0,48535352.0
World,1895,61.0960479253309,65.6333230836657,88.6026729861715,96.1151752110776,99.70274843273,38.9039520746691,34.3666769163343,11.397327013828502,3.8848247889224017,0.2972515672699956,22.969349902505797,7.5125022249061,3.5875732216524057,901440518.0,968385661.0,1307286513.0,1418129589.0,1471062372.0,574007647.0,507062504.0,168161652.0,57318576.0,4385793.0,338900852.0,110843076.0,52932783.0
World,1896,61.7055328412454,66.2241358430376,88.5382971178848,96.0444426817,99.6907671043272,38.2944671587546,33.7758641569624,11.461702882115205,3.955557318299995,0.3092328956727925,22.31416127484719,7.50614556381521,3.6463244226272025,917207764.0,984373504.0,1316057245.0,1427630627.0,1481830581.0,569219339.0,502053599.0,170369858.0,58796476.0,4596522.0,331683741.0,111573382.0,54199954.0
World,1897,59.6291021184301,64.0791280594237,88.0250726857731,95.8710497100317,99.6697966297362,40.3708978815699,35.920871940576305,11.974927314226903,4.1289502899683015,0.3302033702638027,23.9459446263494,7.845977024258602,3.7987469197044983,892996992.0,959639951.0,1318251027.0,1435751269.0,1492640765.0,604588852.0,537945893.0,179334816.0,61834575.0,4945079.0,358611077.0,117500241.0,56889496.0
World,1898,58.8575924813304,63.1782977096495,87.4344756540952,95.4969820063442,99.6028419982896,41.1424075186696,36.8217022903505,12.565524345904803,4.503017993655803,0.3971580017103946,24.256177944445696,8.062506352249002,4.105859991945408,888193216.0,953395018.0,1319433991.0,1441101615.0,1503061284.0,620861400.0,555659598.0,189620625.0,67953001.0,5993331.0,366038973.0,121667624.0,61959670.0
World,1899,59.909204012775895,64.2258713877975,87.2787614845521,95.2113560934264,99.54224372728588,40.090795987224105,35.7741286122025,12.721238515447894,4.788643906573597,0.4577562727141071,23.05289009675461,7.932594608874297,4.33088763385949,911466720.0,977141080.0,1327870863.0,1448558429.0,1514449138.0,609946784.0,544272424.0,193542641.0,72855075.0,6964366.0,350729783.0,120687566.0,65890709.0
World,1900,59.743638649986195,63.90912409284661,87.0730062940379,95.1014137170514,99.5164547927415,40.256361350013805,36.09087590715339,12.926993705962104,4.8985862829485995,0.4835452072585013,23.163882201191292,8.028407423013505,4.415041075690098,915663861.0,979506382.0,1334528779.0,1457576566.0,1525243914.0,616991132.0,553148612.0,198126215.0,75078427.0,7411080.0,355022397.0,123047787.0,67667348.0
World,1901,59.6398835480264,63.23989471964539,87.112853200095,95.1008930562073,99.4876690806077,40.3601164519736,36.76010528035461,12.887146799904995,4.899106943792702,0.5123309193922978,23.87295848044961,7.9880398561122945,4.386776024400405,939774148.0,996501245.0,1372678861.0,1498550222.0,1567674749.0,635973644.0,579246547.0,203068931.0,77197569.0,8073043.0,376177616.0,125871362.0,69124526.0
World,1902,58.3191647511122,61.8116619161008,86.7779574631706,94.99495665867,99.4616701211123,41.6808352488878,38.1883380838992,13.222042536829406,5.005043341329994,0.5383298788876942,24.96629554706979,8.216999195499412,4.4667134624423,927168430.0,982692770.0,1379611367.0,1510246678.0,1581259281.0,662649315.0,607124975.0,210206379.0,79571067.0,8558464.0,396918597.0,130635311.0,71012603.0
World,1903,57.8741826860897,61.344523702293195,86.4448994987756,94.8303325853622,99.4286371936552,42.1258173139103,38.655476297706805,13.555100501224402,5.1696674146378,0.5713628063447942,25.100375796482403,8.385433086586602,4.598304608293006,929013855.0,984720817.0,1387639628.0,1522245132.0,1596058506.0,676216339.0,620509377.0,217590566.0,82985062.0,9171688.0,402918811.0,134605504.0,73813374.0
World,1904,57.9119703314344,61.245005700715105,86.4664946226972,94.7882824937918,99.41907304801308,42.0880296685656,38.754994299284895,13.533505377302802,5.211717506208203,0.5809269519869105,25.221488921982093,8.3217878710946,4.630790554221292,938036107.0,992023348.0,1400551450.0,1535344610.0,1610352397.0,681725924.0,627738683.0,219210582.0,84417421.0,9409634.0,408528101.0,134793160.0,75007787.0
World,1905,58.207954226833,61.5783154063268,86.1392657982257,94.4702696712142,99.3242008033174,41.792045773167,38.4216845936732,13.860734201774306,5.529730328785803,0.675799196682604,24.560950391898892,8.331003872988504,4.853931132103199,952191996.0,1007325886.0,1409105002.0,1545387324.0,1624790121.0,683653154.0,628519264.0,226740148.0,90457825.0,11055028.0,401779116.0,136282323.0,79402797.0
World,1906,57.6073751463553,60.8240251654304,85.576721593245,94.1335908143001,99.2408604139536,42.3926248536447,39.1759748345696,14.423278406755005,5.866409185699894,0.7591395860464019,24.7526964278146,8.55686922105511,5.107269599653492,951451649.0,1004578301.0,1413397376.0,1554723852.0,1639076248.0,700162657.0,647036005.0,238216930.0,96890453.0,12538058.0,408819075.0,141326476.0,84352395.0
World,1907,58.5999746439508,61.7292539116964,85.4513119788994,93.8818617485491,99.1724527602021,41.4000253560492,38.2707460883036,14.548688021100602,6.118138251450901,0.8275472397978945,23.72205806720299,8.430549769649701,5.290591011653007,977629267.0,1029835348.0,1425592827.0,1566240536.0,1654503997.0,690680784.0,638474704.0,242717225.0,102069515.0,13806054.0,395757479.0,140647709.0,88263462.0
World,1908,58.7147328408273,61.61056928740491,85.8490104303958,94.2373971879248,99.27335592720767,41.2852671591727,38.38943071259509,14.150989569604208,5.762602812075201,0.7266440727923111,24.238441142990887,8.388386757529005,5.03595873928289,988042818.0,1036773524.0,1444654418.0,1585812946.0,1670557313.0,694742354.0,646011648.0,238130754.0,96972226.0,12227859.0,407880893.0,141158529.0,84744367.0
World,1909,56.63053411801759,59.4152921948634,85.1301560877662,93.9704935290907,99.20281674292008,43.36946588198241,40.5847078051366,14.869843912233804,6.029506470909297,0.797183257079908,25.7148638929028,8.840337441324507,5.232323213829389,961464939.0,1008744155.0,1445327359.0,1595417317.0,1684250937.0,736320459.0,689041243.0,252458039.0,102368080.0,13534461.0,436583204.0,150089958.0,88833619.0
World,1910,56.4859407483826,59.080467641395394,85.0104513851212,93.929856746364,99.1972198141915,43.5140592516174,40.919532358604606,14.9895486148788,6.07014325363599,0.8027801858085013,25.929983743725806,8.91940536124281,5.267363067827489,967486374.0,1011925209.0,1456051759.0,1608822573.0,1699041518.0,745305094.0,700866259.0,256739710.0,103968896.0,13749951.0,444126549.0,152770814.0,90218945.0
World,1911,56.7067307633584,59.3117776673327,84.6237391892378,93.620953640613,99.16857016463368,43.2932692366416,40.6882223326673,15.376260810762204,6.37904635938699,0.8314298353663077,25.311961521905097,8.997214451375214,5.5476165240206825,981877966.0,1026984396.0,1465261421.0,1621048336.0,1717105406.0,749623661.0,704517232.0,266240206.0,110453292.0,14396221.0,438277026.0,155786915.0,96057070.0
World,1912,55.911340159132294,58.606287659838095,84.12612074648929,93.300048577266,99.1234916020003,44.088659840867706,41.393712340161905,15.873879253510708,6.699951422734003,0.8765083979997002,25.519833086651197,9.173927830776703,5.823443024734303,976896047.0,1023982802.0,1469871310.0,1630160328.0,1731908891.0,770327404.0,723240649.0,277352141.0,117063122.0,15314560.0,445888508.0,160289018.0,101748562.0
World,1913,55.6802838017863,58.6201135666927,83.8850952537094,93.0430503950967,99.0985948980169,44.3197161982137,41.3798864333073,16.114904746290605,6.956949604903301,0.9014051019831016,25.264981687016693,9.157955141387305,6.055544502920199,982010008.0,1033858563.0,1479446537.0,1640961583.0,1747760703.0,781648402.0,729799847.0,284211873.0,122696827.0,15897707.0,445587974.0,161515046.0,106799120.0
World,1914,55.605969130885,58.499476099241,84.3463014663512,93.6173084836335,99.2637425329386,44.394030869115,41.500523900759,15.653698533648791,6.382691516366506,0.7362574670613924,25.84682536711021,9.271007017282288,5.646434049305114,988567561.0,1040008569.0,1499515588.0,1664336325.0,1764719101.0,789240787.0,737799778.0,278292759.0,113472023.0,13089247.0,459507019.0,164820737.0,100382776.0
World,1915,55.9173969791686,58.7167541880697,84.2652607693726,93.5132769208909,99.2629376920206,44.0826030208314,41.2832458119303,15.734739230627396,6.4867230791090975,0.7370623079794001,25.548506581302902,9.2480161515183,5.749660771129697,1000479201.0,1050565557.0,1507681783.0,1673148137.0,1776021595.0,788729981.0,738643625.0,281527399.0,116061045.0,13187586.0,457116226.0,165466354.0,102873458.0
World,1916,55.5667885803722,58.34876036109689,83.43301780190299,92.80270126029288,99.0804676485032,44.4332114196278,41.65123963890311,16.56698219809701,7.197298739707108,0.919532351496798,25.0842574408061,9.3696834583899,6.27776638821031,1001161621.0,1051285147.0,1503234891.0,1672050971.0,1785159160.0,800564998.0,750441472.0,298491728.0,129675647.0,16567459.0,451949743.0,168816081.0,113108188.0
World,1917,56.4278245763298,59.1592519363892,83.6366857311302,92.9012338713363,99.1277675872176,43.5721754236702,40.8407480636108,16.3633142688698,7.098766128663698,0.8722324127824095,24.477433794740996,9.264548140206102,6.226533715881288,1023418739.0,1072958022.0,1516899723.0,1684928745.0,1797857983.0,790258727.0,740719445.0,296777744.0,128748722.0,15819483.0,443941701.0,168029022.0,112929239.0
World,1918,59.9324088028115,62.334445422734795,84.129324443951,92.8396870195809,99.0831479878737,40.0675911971885,37.665554577265205,15.870675556048994,7.160312980419107,0.9168520121262986,21.79487902121621,8.710362575629887,6.243460968292808,1095779723.0,1139697581.0,1538186261.0,1697442979.0,1811595873.0,732579498.0,688661640.0,290172960.0,130916243.0,16763348.0,398488680.0,159256717.0,114152894.0
World,1919,58.3911727173168,60.6044197166326,84.00709119192629,93.2596121514484,99.2190487079872,41.6088272826832,39.3955802833674,15.992908808073707,6.740387848551592,0.7809512920128014,23.402671475293698,9.252520959522116,5.95943655653879,1071378117.0,1111987413.0,1541386394.0,1711154324.0,1820499788.0,763450791.0,722841496.0,293442514.0,123674585.0,14329120.0,429398982.0,169767929.0,109345465.0
World,1920,59.210364544974304,61.3787162908769,84.02414158959421,93.22291525732908,99.2142462329941,40.789635455025696,38.6212837091231,15.975858410405792,6.777084742670908,0.7857537670059003,22.645425298717303,9.198773667734883,5.991330975665008,1095288807.0,1135399545.0,1554300544.0,1724461864.0,1835291072.0,754537343.0,714426606.0,295525607.0,125364286.0,14535079.0,418900999.0,170161321.0,110829207.0
World,1921,58.826475726084304,60.757703661873094,84.207978644003,93.6328104422181,99.3243817916087,41.173524273915696,39.242296338126906,15.792021355996994,6.367189557781899,0.6756182083912989,23.450274982129912,9.424831798215097,5.6915713493906,1092746937.0,1128620978.0,1564227834.0,1739301319.0,1845026625.0,764829815.0,728955774.0,293348917.0,118275433.0,12550127.0,435606856.0,175073484.0,105725306.0
World,1922,57.41923928736669,59.556053497167504,83.24871777995591,93.01083829432348,99.1850459418978,42.58076071263331,40.443946502832496,16.75128222004409,6.9891617056765085,0.8149540581022023,23.692664282788407,9.76212051436758,6.174207647574306,1074737757.0,1114733322.0,1558197937.0,1740919263.0,1856484257.0,797000306.0,757004741.0,313540125.0,130818800.0,15253805.0,443464615.0,182721325.0,115564995.0
World,1923,57.3250087349128,59.5432382316457,83.12189516118261,92.6483146674077,99.0115747949872,42.6749912650872,40.4567617683543,16.878104838817393,7.351685332592297,0.9884252050128026,23.578656929536905,9.526419506225096,6.363260127579494,1081986673.0,1123854870.0,1568892614.0,1748699982.0,1868803979.0,805473437.0,763605240.0,318567496.0,138760128.0,18656131.0,445037744.0,179807368.0,120103997.0
World,1924,55.9695203931517,58.3530464493825,82.6780105976662,92.3954263085786,98.9506608630802,44.0304796068483,41.6469535506175,17.3219894023338,7.604573691421408,1.049339136919798,24.324964148283705,9.717415710912393,6.5552345545016095,1065667253.0,1111049912.0,1574200526.0,1759221438.0,1884033992.0,838346299.0,792963639.0,329813026.0,144792114.0,19979559.0,463150614.0,185020912.0,124812554.0
World,1925,55.0063252934859,57.24898279317219,82.1178442305877,92.0156580793235,98.8679549585237,44.9936747065141,42.75101720682781,17.882155769412293,7.984341920676499,1.132045041476303,24.86886143741551,9.897813848735794,6.852296879200196,1056580150.0,1099657876.0,1577347400.0,1767467965.0,1899089207.0,864253762.0,821176036.0,343486512.0,153365947.0,21744705.0,477689524.0,190120565.0,131621242.0
World,1926,54.2421092995794,56.451176400521994,81.8411785102022,91.8659686480288,98.7940795523844,45.7578907004206,43.548823599478006,18.1588214897978,8.134031351971203,1.2059204476156111,25.390002109680204,10.0247901378266,6.9281109043555915,1051864597.0,1094702892.0,1587066568.0,1781467597.0,1915817729.0,887338378.0,844500083.0,352136406.0,157735378.0,23385245.0,492363676.0,194401029.0,134350133.0
World,1927,53.99265209316611,56.403432760225606,81.7092761478208,91.720782184705,98.7596297445318,46.00734790683389,43.596567239774394,18.2907238521792,8.279217815294999,1.240370255468207,25.305843387595196,10.0115060368842,7.038847559826792,1057576971.0,1104797954.0,1600474239.0,1796573853.0,1934446745.0,901165432.0,853944449.0,358268164.0,162168550.0,24295658.0,495676285.0,196099614.0,137872892.0
World,1928,53.12916742749469,55.5962660443838,81.17050185465409,91.3906557462094,98.6682979130611,46.87083257250531,44.4037339556162,18.82949814534591,8.609344253790596,1.331702086938904,25.574235810270288,10.220153891555311,7.277642166851692,1051062339.0,1099869323.0,1605808291.0,1807995138.0,1951969831.0,927252756.0,878445772.0,372506804.0,170319957.0,26345263.0,505938967.0,202186847.0,143974694.0
World,1929,52.4911289942677,54.77995511641019,80.6414564310463,91.1677539475109,98.5867364402216,47.5088710057323,45.22004488358981,19.358543568953703,8.832246052489097,1.4132635597784002,25.8615013146361,10.52629751646461,7.418982492710697,1048028379.0,1093726667.0,1610072721.0,1820238871.0,1968364933.0,948553518.0,902855230.0,386509176.0,176343026.0,28216964.0,516346054.0,210166151.0,148126061.0
World,1930,52.6678809193812,54.96696558467959,81.4345761837607,91.7685094831704,98.7856715337245,47.3321190806188,45.03303441532041,18.565423816239303,8.231490516829595,1.2143284662755036,26.467610599081105,10.333933299409708,7.0171620505540915,1061281120.0,1107608694.0,1640942766.0,1849176098.0,1990575020.0,953763156.0,907435583.0,374101510.0,165868179.0,24469256.0,533334072.0,208233331.0,141398922.0
World,1931,53.1576465445437,55.5865423008808,82.2227247553425,92.4163408904668,98.9805994648051,46.8423534554563,44.4134576991192,17.777275244657503,7.583659109533201,1.0194005351949045,26.636182454461697,10.193616135124302,6.564258574338297,1082921255.0,1132402431.0,1675031572.0,1882694708.0,2016421004.0,954266855.0,904785680.0,362156538.0,154493402.0,20767106.0,542629142.0,207663136.0,133726295.0
World,1932,53.196544392786606,55.92220212908799,82.9284890393581,93.0856928283114,99.18739040689373,46.803455607213394,44.07779787091201,17.071510960641902,6.9143071716886055,0.8126095931062878,27.006286910270106,10.157203788953296,6.101697578582318,1095370088.0,1151494109.0,1707580584.0,1916727575.0,2042367635.0,963729992.0,907605971.0,351519496.0,142372504.0,16732445.0,556086475.0,209146991.0,125640060.0
World,1933,54.08329032742421,56.1807681247391,82.8160770174905,92.9944161806152,99.1922425578055,45.91670967257579,43.8192318752609,17.1839229825095,7.005583819384796,0.8077574421945002,26.635308892751397,10.178339163124704,6.197826377190296,1123960340.0,1167550178.0,1721085857.0,1932612365.0,2061415753.0,954242249.0,910652411.0,357116732.0,145590224.0,16786836.0,553535679.0,211526508.0,128803388.0
World,1934,53.516643257191795,55.492194694534405,82.0133511650902,92.2627579847624,99.0170057244368,46.483356742808205,44.507805305465595,17.9866488349098,7.737242015237598,0.9829942755632004,26.521156470555795,10.249406819672204,6.754247739674398,1122582127.0,1164021922.0,1720338134.0,1935332951.0,2077012199.0,975049673.0,933609877.0,377293666.0,162298849.0,20619601.0,556316212.0,214994817.0,141679248.0
World,1935,52.5971039547307,54.6941835216088,81.5303643831047,91.8280198358857,98.921743129119,47.4028960452693,45.3058164783912,18.469635616895303,8.171980164114302,1.078256870881006,26.836180861495897,10.297655452781,7.093723293233296,1113891284.0,1158302829.0,1726634271.0,1944716025.0,2094945523.0,1003889355.0,959477810.0,391146367.0,173064614.0,22835115.0,568331442.0,218081753.0,150229498.0
World,1936,51.6590809326855,53.3670007019295,80.7952780021916,91.2125785363587,98.7238667030571,48.3409190673145,46.6329992980705,19.20472199780841,8.787421463641294,1.276133296942902,27.428277300262096,10.417300534167111,7.511288166698392,1104096701.0,1140599646.0,1726817401.0,1949463777.0,2110000673.0,1033178452.0,996675507.0,410457751.0,187811376.0,27274480.0,586217756.0,222646376.0,160536896.0
World,1937,51.797600262682096,52.929680921071,80.06125518562351,90.644775634645,98.5795007186965,48.202399737317904,47.070319078929,19.93874481437649,9.355224365355,1.4204992813035062,27.131574264552512,10.583520449021492,7.934725084051493,1118538458.0,1142985068.0,1728875324.0,1957420171.0,2128765853.0,1040902235.0,1016455624.0,430565369.0,202020522.0,30674840.0,585890255.0,228544847.0,171345682.0
World,1938,51.85779465110551,52.8758900657639,79.71430169796851,90.5706384007632,98.6411448683511,48.14220534889449,47.1241099342361,20.28569830203149,9.4293615992368,1.3588551316488946,26.83841163220461,10.856336702794692,8.070506467587904,1132501219.0,1154734989.0,1740848111.0,1977935219.0,2154183716.0,1051357980.0,1029124210.0,443011088.0,205923981.0,29675483.0,586113121.0,237087108.0,176248498.0
World,1939,51.2273059213302,52.0386501261718,78.8261886283839,89.8694730790693,98.4631285396057,48.7726940786698,47.9613498738282,21.173811371616097,10.130526920930706,1.5368714603942948,26.7875385022121,11.043284450685393,8.59365546053641,1131404391.0,1149323709.0,1740952298.0,1984853871.0,2174653029.0,1077191924.0,1059272606.0,467644018.0,223742444.0,33943286.0,591628588.0,243901573.0,189799158.0
World,1940,51.0836328701472,52.0687199438056,78.7968314592427,89.7800794563505,98.4035390832922,48.9163671298528,47.9312800561944,21.203168540757304,10.219920543649494,1.596460916707798,26.7281115154371,10.98324799710781,8.623459626941695,1141090128.0,1163094693.0,1760138844.0,2005479184.0,2198107313.0,1092678427.0,1070673862.0,473629712.0,228289371.0,35661242.0,597044150.0,245340340.0,192628130.0
World,1941,50.8601759330249,52.32999123115461,78.5922785749961,89.1409268048541,98.0432196093746,49.1398240669751,47.67000876884539,21.4077214250039,10.859073195145896,1.956780390625397,26.262287343841493,10.548648229858005,8.9022928045205,1142923622.0,1175953131.0,1766116024.0,2003163950.0,2203215180.0,1104264086.0,1071234578.0,481071684.0,244023758.0,43972528.0,590162893.0,237047926.0,200051230.0
World,1942,51.4323885135519,52.7462178010306,78.32264026722,88.5408946938621,97.6807629479134,48.5676114864481,47.2537821989694,21.677359732780005,11.4591053061379,2.319237052086592,25.576422466189392,10.218254426642105,9.139868254051308,1163864409.0,1193595075.0,1772364381.0,2003593437.0,2210419674.0,1099037320.0,1069306654.0,490537348.0,259308292.0,52482055.0,578769306.0,231229056.0,206826237.0
World,1943,51.1385709357845,52.253607879833794,78.1230798795687,88.2107239374686,97.2861487213969,48.8614290642155,47.746392120166206,21.876920120431297,11.7892760625314,2.7138512786031015,25.869471999734913,10.087644057899894,9.075424783928298,1164030645.0,1189411432.0,1778259685.0,2007877498.0,2214454889.0,1112197696.0,1086816909.0,497968656.0,268350843.0,61773452.0,588848253.0,229617813.0,206577391.0
World,1944,53.231057480536904,53.6648459238653,78.92884391270441,88.2904039559374,97.0834676266159,46.768942519463096,46.3351540761347,21.07115608729559,11.709596044062591,2.9165323733841007,25.263997988839108,9.361560043232998,8.793063670678492,1218653639.0,1228584643.0,1806969980.0,2021290336.0,2222595731.0,1070712187.0,1060781183.0,482395847.0,268075490.0,66770095.0,578385336.0,214320356.0,201305395.0
World,1945,55.08782206616169,55.7330731837137,80.50355479500479,89.2260723302051,97.3008305131343,44.91217793383831,44.2669268162863,19.49644520499521,10.7739276697949,2.6991694868656992,24.77048161129109,8.72251753520031,8.074758182929202,1267347796.0,1282192412.0,1852060926.0,2052730747.0,2238498247.0,1033247414.0,1018402798.0,448534285.0,247864464.0,62096964.0,569868514.0,200669821.0,185767500.0
World,1946,56.036192209542,55.773443583181106,80.8383416166981,89.8105272737148,97.606586346379,43.963807790458,44.226556416818894,19.161658383301894,10.189472726285205,2.393413653620996,25.064898033516997,8.972185657016695,7.796059072664207,1296880629.0,1290799673.0,1870892279.0,2078541180.0,2258970249.0,1017481889.0,1023562845.0,443470239.0,235821338.0,55392268.0,580092605.0,207648902.0,180429069.0
World,1947,54.9578592960245,54.2859365844095,79.356046405235,89.180938779331,97.5988259647051,45.0421407039755,45.7140634155905,20.64395359476499,10.819061220669,2.4011740352949005,25.070109820825508,9.824892374095995,8.417887185374099,1245011194.0,1229789508.0,1797725882.0,2020298252.0,2210996433.0,1020381254.0,1035602940.0,467666566.0,245094196.0,54396015.0,567936375.0,222572370.0,190698181.0
World,1948,53.579972009322994,52.4632760858278,78.04533332429719,88.4588694057192,97.4922656287337,46.420027990677006,47.5367239141722,21.95466667570281,11.5411305942808,2.507734371266295,25.58205723846939,10.41353608142201,9.033396223014506,1227541655.0,1201957641.0,1788054268.0,2026633141.0,2233592378.0,1063504064.0,1089088078.0,502991451.0,264412578.0,57453341.0,586096627.0,238578873.0,206959237.0
World,1949,52.566753413990895,51.6274883893861,77.3798514218271,88.1056586962307,97.5399088432097,47.433246586009105,48.3725116106139,22.620148578172905,11.894341303769297,2.4600911567902983,25.752363032440996,10.725807274403609,9.434250146978997,1221011915.0,1199194821.0,1797366480.0,2046503770.0,2265640983.0,1101771662.0,1123588755.0,525417096.0,276279806.0,57142593.0,598171659.0,249137290.0,219137213.0
World,1950,53.131833157516894,52.4385866390236,77.2184920557195,88.6685205586753,97.6101728506226,46.868166842483106,47.5614133609764,22.781507944280506,11.331479441324705,2.389827149377396,24.779905416695897,11.450028502955805,8.941652291947307,1342596850.0,1325079092.0,1951246513.0,2240579128.0,2466527180.0,1184319257.0,1201837015.0,575669594.0,286336979.0,60388927.0,626167421.0,289332614.0,225948052.0
World,1951,52.343662752258105,51.5946577388504,76.2445210268587,88.0879566859916,97.4320799761914,47.656337247741895,48.4053422611496,23.755478973141297,11.9120433140084,2.567920023808597,24.649863288008305,11.843435659132894,9.344123290199803,1345434326.0,1326182004.0,1959778708.0,2264200753.0,2504380816.0,1224951954.0,1244204276.0,610607572.0,306185527.0,66005464.0,633596704.0,304422045.0,240180063.0
World,1952,52.1189812922764,50.608620011553995,75.5014771671362,87.53749127139329,97.1868491315833,47.8810187077236,49.391379988446005,24.4985228328638,12.462508728606709,2.813150868416699,24.89285715558221,12.036014104257092,9.649357860190008,1364512838.0,1324970481.0,1976683587.0,2291795190.0,2544422397.0,1253559895.0,1293102252.0,641389146.0,326277543.0,73650336.0,651713106.0,315111603.0,252627207.0
World,1953,51.1927001436276,49.9085331752734,74.7869265689716,87.1062748080365,97.0117098944074,48.8072998563724,50.0914668247266,25.213073431028405,12.893725191963496,2.988290105592597,24.878393393698197,12.319348239064908,9.9054350863709,1365249844.0,1331002603.0,1994480454.0,2323023161.0,2587189608.0,1301633989.0,1335881231.0,672403379.0,343860673.0,79694226.0,663477851.0,328542707.0,264166447.0
World,1954,50.99706087921761,50.9339873852902,74.5319296429651,86.9869092355292,97.0241777943682,49.00293912078239,49.0660126147098,25.468070357034904,13.013090764470803,2.9758222056318004,23.597942257674895,12.4549795925641,10.037268558839004,1385728716.0,1384014838.0,2025235051.0,2363670689.0,2636410550.0,1331543009.0,1333256888.0,692036675.0,353601036.0,80861175.0,641220213.0,338435639.0,272739861.0
World,1955,49.1468501014927,50.054703162885296,73.1868289910364,86.1028599002224,96.7993796096961,50.8531498985073,49.945296837114704,26.813171008963593,13.897140099777602,3.200620390303897,23.13212582815111,12.916030909185992,10.696519709473703,1361255697.0,1386401157.0,2027108303.0,2384852912.0,2681122120.0,1408516311.0,1383370851.0,742663705.0,384919096.0,88649888.0,640707146.0,357744609.0,296269209.0
World,1956,47.672532168576595,48.7657157424029,73.0553312485146,85.5419846409429,96.6146835248869,52.327467831423405,51.2342842575971,26.944668751485395,14.4580153590571,3.3853164751131004,24.28961550611171,12.486653392428297,11.072698883944,1346672399.0,1377553078.0,2063695670.0,2416423555.0,2729209499.0,1478166849.0,1447286170.0,761143578.0,408415692.0,95629748.0,686142592.0,352727886.0,312785944.0
World,1957,47.6455954429872,49.356051105667,72.8512858086726,85.1356845971185,96.5067186574405,52.3544045570128,50.643948894333,27.1487141913274,14.864315402881502,3.493281342559498,23.4952347030056,12.284398788445898,11.371034060322003,1373539948.0,1422849421.0,2100176320.0,2454314249.0,2782121455.0,1509286755.0,1459977282.0,782650382.0,428512454.0,100705247.0,677326900.0,354137929.0,327807206.0
World,1958,47.4442580566459,49.8258403722096,72.8589747041222,85.0183045290003,96.48703643972632,52.5557419433541,50.1741596277904,27.141025295877796,14.981695470999696,3.5129635602736897,23.033134331912606,12.1593298248781,11.468731910726008,1395537454.0,1465589921.0,2143092383.0,2500749998.0,2838094191.0,1545887939.0,1475835472.0,798333010.0,440675395.0,103331202.0,677502462.0,357657615.0,337344193.0
World,1959,47.065203223942795,50.26076767315861,72.65899495488,84.6828917463711,96.3019642033488,52.934796776057205,49.73923232684139,27.34100504512,15.317108253628902,3.6980357966511974,22.398227281721397,12.023896791491095,11.619072456977705,1410794033.0,1506582066.0,2177975861.0,2538395889.0,2886681182.0,1586736916.0,1490948883.0,819555088.0,459135060.0,110849768.0,671393795.0,360420028.0,348285293.0
World,1960,47.5142399607138,51.1137618588866,71.7561648140264,83.8619188440352,96.0266924844193,52.4857600392862,48.8862381411134,28.243835185973595,16.138081155964798,3.9733075155807,20.642402955139808,12.105754030008796,12.164773640384098,1445371733.0,1554868322.0,2182805247.0,2551059368.0,2921108852.0,1596604176.0,1487107587.0,859170662.0,490916541.0,120867057.0,627936925.0,368254121.0,370049484.0
World,1961,46.8403034579583,50.377114945511806,71.06213589845291,83.2517526592766,96.2107327741654,53.1596965420417,49.622885054488194,28.937864101547092,16.748247340723395,3.7892672258346063,20.6850209529411,12.189616760823696,12.958980114888789,1443316005.0,1552297721.0,2189676636.0,2565281994.0,2964594168.0,1638038936.0,1529057221.0,891678305.0,516072947.0,116760773.0,637378915.0,375605358.0,399312174.0
World,1962,46.1139995972556,50.3518947645672,69.3120070957462,82.0083693828589,96.0173500563179,53.8860004027444,49.6481052354328,30.687992904253804,17.991630617141098,3.9826499436821057,18.960112331179,12.696362287112706,14.008980673458993,1446878784.0,1579847528.0,2174742452.0,2573105148.0,3012652728.0,1690734081.0,1557765337.0,962870413.0,564507717.0,124960137.0,594894924.0,398362697.0,439547580.0
World,1963,44.61336057147541,48.5829636877203,69.66262558150291,81.7369248180769,95.6897125716666,55.38663942852459,51.4170363122797,30.33737441849709,18.2630751819231,4.31028742833341,21.079661893782607,12.074299236573992,13.95278775358969,1428278624.0,1555363856.0,2230220672.0,2616774460.0,3063467294.0,1773180772.0,1646095540.0,971238724.0,584684936.0,137992102.0,674856816.0,386553787.0,446692835.0
World,1964,46.2046957008599,49.3491703605183,68.86676924226221,81.1570900631533,95.3295097792343,53.7953042991401,50.6508296394817,31.133230757737792,18.842909936846695,4.6704902207657,19.517598881743908,12.290320820891097,14.172419716080997,1508714492.0,1611390517.0,2248695532.0,2650009399.0,3112779139.0,1756569413.0,1653893388.0,1016588373.0,615274505.0,152504765.0,637305015.0,401313868.0,462769740.0
World,1965,46.9774612159853,49.654171864187205,68.7747054420805,80.441414670223,95.0976955244713,53.0225387840147,50.345828135812795,31.225294557919497,19.558585329777003,4.902304475528695,19.120533577893298,11.666709228142494,14.656280854248308,1565146365.0,1654326236.0,2291364357.0,2680063684.0,3168366460.0,1766549994.0,1677370123.0,1040332002.0,651632675.0,163329900.0,637038121.0,388699327.0,488302776.0
World,1966,46.3726292917721,49.8174326375103,67.8092913241257,79.405046281847,94.9629619198471,53.6273707082279,50.1825673624897,32.190708675874305,20.594953718152993,5.037038080152897,17.991858686615394,11.595754957721311,15.557915638000097,1577201918.0,1694364790.0,2306294596.0,2700683425.0,3229831217.0,1823946436.0,1706783564.0,1094853758.0,700464929.0,171317138.0,611929806.0,394388829.0,529147792.0
World,1967,45.4744255406317,49.7357735287768,67.44974090496531,78.3719758776058,94.67125283203232,54.5255744593683,50.2642264712232,32.55025909503469,21.62802412239419,5.328747167967691,17.713967376188513,10.922234972640496,16.299276954426503,1577532705.0,1725361198.0,2339868420.0,2718766727.0,3284197564.0,1891522014.0,1743693520.0,1129186299.0,750287991.0,184857155.0,614507221.0,378898308.0,565430836.0
World,1968,46.2707454422387,49.6984352500804,67.5613665048301,78.9401047288962,93.977846340849,53.7292545577613,50.3015647499196,32.438633495169896,21.0598952711038,6.022153659151002,17.862931254749704,11.378738224066096,15.037741611952796,1637404079.0,1758701309.0,2390825046.0,2793489671.0,3325637127.0,1901341760.0,1780044530.0,1147920793.0,745256168.0,213108712.0,632123736.0,402664625.0,532147456.0
World,1969,45.35182854065419,49.2932409892008,66.88830087659639,78.0216513261818,93.6638289814163,54.64817145934581,50.7067590107992,33.11169912340361,21.978348673818203,6.336171018583698,17.595059887395593,11.133350449585407,15.642177655234503,1637640470.0,1779963652.0,2415315810.0,2817337643.0,3382171830.0,1973328531.0,1831005349.0,1195653191.0,793631358.0,228797171.0,635352158.0,402021834.0,564834186.0
World,1970,44.6203174480218,49.1229987593983,66.2917006722077,77.6750557861495,93.1459974602522,55.3796825519782,50.8770012406017,33.708299327792304,22.3249442138505,6.85400253974781,17.168701912809397,11.383355113941803,15.47094167410269,1644200125.0,1810118021.0,2442762149.0,2862223842.0,3432307734.0,2040668605.0,1874750710.0,1242106581.0,822644888.0,252560996.0,632644128.0,419461693.0,570083892.0
World,1971,44.09826936990259,49.4952198593042,65.8658240023191,76.6950764791903,92.9918876891319,55.90173063009741,50.5047801406958,34.1341759976809,23.304923520809695,7.0081123108681,16.3706041430149,10.829252476871204,16.296811209941595,1660522946.0,1863745436.0,2480181505.0,2887957649.0,3501615041.0,2104982979.0,1901760489.0,1285324420.0,877548276.0,263890884.0,616436069.0,407776144.0,613657392.0
World,1972,43.663953175541096,49.4406744955288,65.466084066572,75.8649132068013,92.7504635382313,56.336046824458904,50.5593255044712,34.533915933428005,24.135086793198695,7.249536461768699,16.02540957104319,10.39882914022931,16.885550331429997,1677575147.0,1899517583.0,2515216045.0,2914740505.0,3563485694.0,2164438745.0,1942496310.0,1326797848.0,927273388.0,278528198.0,615698462.0,399524460.0,648745190.0
World,1973,42.8964398089434,49.1693359015521,64.860664664933,75.16881392036609,92.0520968943888,57.1035601910566,50.8306640984479,35.139335335067,24.83118607963391,7.9479031056112035,15.691328763380897,10.308149255433094,16.883282974022706,1680803352.0,1926593092.0,2541423556.0,2945325882.0,3606860469.0,2237478350.0,1991688611.0,1376858147.0,972955821.0,311421233.0,614830464.0,403902326.0,661534588.0
World,1974,42.320037684589,48.5361367255493,64.5571790675126,74.9094572267735,91.7655979037451,57.679962315411,51.4638632744507,35.44282093248739,25.090542773226503,8.234402096254897,16.02104234196331,10.35227815926089,16.856140676971606,1689409302.0,1937555006.0,2577112517.0,2990373846.0,3663268352.0,2302575097.0,2054429393.0,1414871882.0,1001610553.0,328716047.0,639557511.0,413261329.0,672894506.0
World,1975,41.5069909246795,48.233584051810205,64.4881951370364,74.3956677733422,91.6559449269098,58.4930090753205,51.766415948189795,35.5118048629636,25.604332226657803,8.344055073090189,16.254611085226195,9.907472636305798,17.260277153567614,1688431539.0,1962057541.0,2623266590.0,3026285188.0,3728402968.0,2379392944.0,2105766942.0,1444557893.0,1041539295.0,339421515.0,661209049.0,403018598.0,702117780.0
World,1976,40.3063180145047,48.1659631358347,64.3323234498679,74.2258238587406,91.3580394495729,59.6936819854953,51.8340368641653,35.6676765501321,25.774176141259403,8.6419605504271,16.1663603140332,9.893500408872695,17.132215590832303,1669132079.0,1994609236.0,2664077248.0,3073778747.0,3783243964.0,2471985645.0,2146508487.0,1477040475.0,1067338976.0,357873760.0,669468012.0,409701499.0,709465216.0
World,1977,39.466115934815,48.4112410825158,64.4589363102031,74.1023237882084,91.114882503787,60.533884065185,51.5887589174842,35.5410636897969,25.897676211791605,8.885117496212999,16.0476952276873,9.643387478005296,17.012558715578606,1663979640.0,2041126105.0,2717732797.0,3124319562.0,3841607054.0,2552243823.0,2175097358.0,1498490666.0,1091903901.0,374616409.0,676606691.0,406586765.0,717287492.0
World,1978,38.313163261136104,47.1076990219553,64.25729886235399,73.6036011722415,90.9412276115343,61.686836738863896,52.8923009780447,35.74270113764601,26.396398827758503,9.058772388465698,17.149599840398693,9.346302309887506,17.337626439292805,1643165913.0,2020343889.0,2755851884.0,3156693894.0,3900265929.0,2645610510.0,2268432534.0,1532924539.0,1132082530.0,388510494.0,735507995.0,400842010.0,743572035.0
World,1979,36.3986395198672,46.095971151055,64.048305813677,73.6645365838193,90.7304891434107,63.6013604801328,53.904028848945,35.951694186322996,26.3354634161807,9.269510856589308,17.952334662622007,9.616230770142296,17.065952559591395,1589985436.0,2013589622.0,2797793401.0,3217854894.0,3963339241.0,2778269688.0,2354665502.0,1570461724.0,1150400230.0,404915883.0,784203779.0,420061493.0,745484347.0
World,1980,33.856823212691,45.811234786681595,64.0056024120105,73.4573030202931,90.8511249041413,66.143176787309,54.188765213318405,35.994397587989496,26.542696979706903,9.1488750958587,18.19436762532891,9.451700608282591,17.393821883848204,1507510275.0,2039792887.0,2849916033.0,3270762835.0,4045240849.0,2945093756.0,2412811144.0,1602687998.0,1181841196.0,407363181.0,810123146.0,420846802.0,774478014.0
World,1981,34.917545426701004,43.9699104228555,64.263148115372,73.5885973041983,90.76251722983532,65.082454573299,56.0300895771445,35.736851884627995,26.411402695801694,9.23748277016469,20.293237692516502,9.325449188826298,17.17391992563701,1577752097.0,1986783937.0,2903735513.0,3325106685.0,4101111637.0,2940755942.0,2531724102.0,1614772525.0,1193401354.0,417396402.0,916951576.0,421371171.0,776004952.0
World,1982,35.6921742835202,43.153875907182496,64.4479000890273,73.8932761696049,90.80588656922212,64.3078257164798,56.846124092817504,35.5520999109727,26.106723830395097,9.19411343077789,21.294024181844804,9.445376080577605,16.912610399617208,1639232455.0,1981925600.0,2959895036.0,3393692285.0,4170436779.0,2953461848.0,2610768703.0,1632799267.0,1199002018.0,422257524.0,977969436.0,433797249.0,776744494.0
World,1983,35.534547169300104,42.1276274049074,64.9479588337873,74.2148802075286,90.800307571507,64.46545283069989,57.8723725950926,35.0520411662127,25.78511979247141,9.199692428492996,22.820331428879896,9.266921373741296,16.58542736397841,1663478369.0,1972120162.0,3040408088.0,3474220378.0,4250633808.0,3017820540.0,2709178747.0,1640890821.0,1207078532.0,430665101.0,1068287926.0,433812289.0,776413430.0
World,1984,34.4121385795794,39.9180218070039,65.017224673219,74.553256886983,90.7404851111053,65.58786142042061,60.0819781929961,34.982775326780995,25.446743113017007,9.2595148888947,25.0992028662151,9.536032213763988,16.187228224122308,1638872585.0,1901089391.0,3096434905.0,3550586911.0,4321501061.0,3123611389.0,2861394583.0,1666049069.0,1211897063.0,440982913.0,1195345514.0,454152006.0,770914150.0
World,1985,33.000776698707604,37.2156505761504,64.8985829772305,74.538593610283,90.5841496982459,66.9992233012924,62.7843494238496,35.101417022769496,25.461406389717,9.415850301754103,27.6829324010801,9.640010633052498,16.045556087962893,1598589978.0,1802762601.0,3143750987.0,3610722554.0,4387985022.0,3245508064.0,3041335441.0,1700347055.0,1233375488.0,456113020.0,1340988386.0,466971566.0,777262468.0
World,1986,33.4635915979137,35.8529212562742,64.335788147677,74.2937503645382,90.2396666886494,66.5364084020863,64.1470787437258,35.66421185232301,25.7062496354618,9.760333311350593,28.482866891402793,9.957962216861205,15.94591632411121,1647134025.0,1764740833.0,3166715246.0,3656862824.0,4441747532.0,3275033460.0,3157426653.0,1755452240.0,1265304661.0,480419953.0,1401974413.0,490147578.0,784884709.0
World,1987,34.1115249300348,35.1558712673965,64.5297132883191,74.4495666795779,90.1786388967138,65.88847506996521,64.84412873260351,35.4702867116809,25.5504333204221,9.821361103286192,29.3738420209226,9.919853391258798,15.729072217135908,1706057502.0,1758289553.0,3227396069.0,3723528691.0,4510204212.0,3295353328.0,3243121277.0,1774014761.0,1277882139.0,491206618.0,1469106516.0,496132622.0,786675521.0
World,1988,35.014451787395004,35.8250861096883,64.563264916027,74.4067304103765,89.8502033341401,64.985548212605,64.1749138903117,35.436735083973005,25.593269589623503,10.149796665859895,28.738178806338695,9.843465494349502,15.443472923763608,1780158014.0,1821371202.0,3282439324.0,3782887656.0,4568044089.0,3303908487.0,3262695299.0,1801627178.0,1301178846.0,516022412.0,1461068122.0,500448332.0,785156434.0
World,1989,33.7053026789038,36.5114949450148,64.9188998049175,74.7833631697983,89.60904877182,66.29469732109621,63.4885050549852,35.0811001950825,25.216636830201693,10.39095122818,28.407404859902694,9.864463364880804,14.825685602021691,1745873876.0,1891229573.0,3362681899.0,3873643307.0,4641587076.0,3433945729.0,3288590032.0,1817137705.0,1306176298.0,538232529.0,1471452326.0,510961407.0,767943769.0
World,1990,30.8594451780392,36.209603908418096,64.89852913549869,75.1511912271067,89.5959578409848,69.14055482196079,63.790396091581904,35.10147086450131,24.848808772893307,10.404042159015203,28.688925227080595,10.252662091608002,14.444766613878102,1627883538.0,1910112699.0,3423497947.0,3964341755.0,4726325571.0,3647271374.0,3365042213.0,1851656964.0,1310813156.0,548829341.0,1513385248.0,540843808.0,761983816.0
World,1991,32.823751210839504,35.537182269102004,65.1070079972028,75.7029986118845,89.7069521684841,67.1762487891605,64.462817730898,34.8929920027972,24.297001388115504,10.293047831515906,29.569825728100795,10.595990614681696,14.003953556599598,1756730531.0,1901953640.0,3484533745.0,4051632249.0,4801125280.0,3595279724.0,3450056616.0,1867476510.0,1300378006.0,550884976.0,1582580105.0,567098504.0,749493031.0
World,1992,34.2986030337783,34.5270335309701,65.3408286032652,76.0392095530937,89.69230969758209,65.7013969662217,65.4729664690299,34.659171396734806,23.9607904469063,10.30769030241791,30.813795072295093,10.698380949828504,13.653100144488391,1868217124.0,1880659548.0,3559062005.0,4141794150.0,4885467455.0,3578701872.0,3566259448.0,1887856991.0,1305124846.0,561451541.0,1678402457.0,582732144.0,743673305.0
World,1993,35.2353810571486,33.387083294706,65.7444522839444,76.8583481376251,89.8215409119475,64.7646189428514,66.612916705294,34.2555477160556,23.1416518623749,10.178459088052506,32.357368989238395,11.113895853680702,12.963192774322394,1948601882.0,1846386541.0,3635827387.0,4250452736.0,4967348682.0,3581640231.0,3683855573.0,1894414726.0,1279789377.0,562893431.0,1789440847.0,614625349.0,716895946.0
World,1994,35.9731122447616,32.4911748135818,65.6318059698612,76.7738225993301,89.6296925718798,64.02688775523839,67.50882518641819,34.368194030138795,23.226177400669897,10.3703074281202,33.140631156279404,11.142016629468898,12.855869972549698,2014189219.0,1819230251.0,3674824550.0,4298682992.0,5018502688.0,3584962740.0,3779921708.0,1924327409.0,1300468967.0,580649272.0,1855594299.0,623858442.0,719819695.0
World,1995,35.8141612808778,30.7159397715358,65.08518479622481,76.5749409280017,89.41808353197361,64.1858387191222,69.2840602284642,34.91481520377519,23.425059071998305,10.581916468026392,34.36924502468901,11.489756131776886,12.843142603971913,2035469812.0,1745716385.0,3699065513.0,4352076805.0,5082006758.0,3647951883.0,3937705310.0,1984356182.0,1331344889.0,601414936.0,1953349128.0,653011293.0,729929953.0
World,1996,32.3581342098695,28.49731988504,64.769800885178,76.8735489966363,89.3560320851081,67.64186579013051,71.50268011496,35.230199114822,23.126451003363695,10.643967914891904,36.272481000138,12.103748111458302,12.482483088471795,1868949361.0,1645955463.0,3740990664.0,4440082031.0,5161048470.0,3906876120.0,4129870018.0,2034834818.0,1335743450.0,614777011.0,2095035200.0,699091368.0,720966439.0
World,1997,28.965379304734,28.690575528407603,64.45955836595189,76.88890750209481,89.260325105503,71.034620695266,71.3094244715924,35.54044163404811,23.11109249790519,10.739674894497,35.768982837544286,12.429349136142918,12.37141760340819,1696955336.0,1680855780.0,3776404596.0,4504585992.0,5229373432.0,4161608842.0,4177708398.0,2082159582.0,1353978186.0,629190746.0,2095548815.0,728181396.0,724787440.0
World,1998,31.5909952107662,29.4081330473129,64.3576740524286,76.8437612652257,89.1835714717923,68.4090047892338,70.5918669526871,35.64232594757139,23.156238734774305,10.816428528207696,34.949541005115705,12.486087212797088,12.33981020656661,1876418057.0,1746762060.0,3822668482.0,4564307653.0,5297258373.0,4063306363.0,4192962360.0,2117055938.0,1375416767.0,642466047.0,2075906422.0,741639171.0,732950720.0
World,1999,28.3880440255832,27.668763808222103,64.3280169507209,77.21619543756701,89.1406614679603,71.6119559744168,72.33123619177789,35.671983049279106,22.78380456243299,10.8593385320397,36.65925314249879,12.888178486846115,11.92446603039329,1710476055.0,1667136979.0,3875981472.0,4652537992.0,5371027565.0,4314863533.0,4358202609.0,2149358117.0,1372801596.0,654312024.0,2208844492.0,776556521.0,718489572.0
World,2000,25.3321255318036,26.5349085192027,63.2492704169721,76.687813955346,88.79992087062139,74.6678744681964,73.4650914807973,36.7507295830279,23.312186044654,11.200079129378608,36.71436189776941,13.4385435383739,12.11210691527539,1552817573.0,1626546189.0,3877076105.0,4700836690.0,5443288896.0,4577017727.0,4503289111.0,2252759195.0,1428998609.0,686546404.0,2250529916.0,823760586.0,742452205.0
World,2001,23.1965882567809,25.397950242506003,62.268961400017695,76.38329685627289,88.6797192124035,76.8034117432191,74.602049757494,37.731038599982305,23.616703143727108,11.320280787596502,36.87101115751169,14.114335456255198,12.296422356130606,1438200112.0,1574685660.0,3860706853.0,4735802734.0,5498187091.0,4761850068.0,4625364520.0,2339343327.0,1464247446.0,701863089.0,2286021194.0,875095881.0,762384356.0
World,2002,21.799368175697,23.9212905673383,60.820714497122296,75.9278626220062,88.6351621937438,78.200631824303,76.0787094326617,39.179285502877704,24.0721373779938,11.364837806256205,36.89942392978399,15.107148124883906,12.707299571737591,1365829628.0,1498777723.0,3810694566.0,4757226151.0,5553396302.0,4899625485.0,4766677390.0,2454760547.0,1508228962.0,712058811.0,2311916843.0,946531585.0,796170151.0
World,2003,21.5926051008047,23.2372746225396,60.076704338723395,75.4706930298979,88.39551556155631,78.4073948991953,76.7627253774604,39.923295661276605,24.5293069701021,11.604484438443691,36.839429716183794,15.393988691174506,12.924822531658409,1372315402.0,1476842174.0,3818167668.0,4796530755.0,5617966286.0,4983172487.0,4878645714.0,2537320220.0,1558957134.0,737521603.0,2341325494.0,978363087.0,821435531.0
World,2004,22.3122151718682,21.3014303741995,58.5142969829484,74.5795299988801,88.20708962616341,77.6877848281318,78.6985696258005,41.4857030170516,25.420470001119895,11.792910373836593,37.2128666087489,16.065233015931703,13.627559627283304,1431069555.0,1366239446.0,3753012791.0,4783410970.0,5657460702.0,4982769430.0,5047599539.0,2660826193.0,1630428015.0,756378283.0,2386773346.0,1030398178.0,874049732.0
World,2005,19.5031933386315,19.5425624428538,56.8953868188438,73.6013038783926,88.0181780559145,80.4968066613685,80.45743755714619,43.1046131811562,26.3986961216074,11.981821944085496,37.35282437599,16.705917059548803,14.416874177521905,1271264985.0,1273831158.0,3708577965.0,4797509764.0,5737236250.0,5246975197.0,5244409024.0,2809662217.0,1720730418.0,781003933.0,2434746808.0,1088931799.0,939726486.0
World,2006,18.6068200756975,18.936105447375702,55.568811973928,72.7073458409547,87.8168143747859,81.3931799243025,81.0638945526243,44.431188026072,27.2926541590453,12.183185625214094,36.6327065265523,17.138533867026702,15.109468533831205,1225505908.0,1247193717.0,3659943349.0,4788743134.0,5783902053.0,5360820520.0,5339132710.0,2926383079.0,1797583294.0,802424375.0,2412749631.0,1128799785.0,995158919.0
World,2007,17.6029350554358,17.6316666047572,53.81430057157301,71.5368704054513,87.2758774807988,82.39706494456419,82.3683333952428,46.18569942842699,28.463129594548704,12.724122519201202,36.18263396681581,17.72256983387829,15.739007075347502,1175796879.0,1177716017.0,3594553207.0,4778341151.0,5829636026.0,5503753294.0,5501834156.0,3084996966.0,1901209022.0,849914148.0,2416837190.0,1183787944.0,1051294874.0
World,2008,18.3051015339538,17.3251566492374,52.9292403574674,70.71616323555119,87.40114977257299,81.6948984660462,82.6748433507626,47.0707596425326,29.283836764448807,12.598850227427008,35.60408370823,17.786922878083793,16.6849865370218,1239670157.0,1173305683.0,3584508919.0,4789086639.0,5919038300.0,5532595786.0,5598960260.0,3187757024.0,1983179304.0,853227643.0,2411203235.0,1204577720.0,1129951661.0
World,2009,17.255904751939898,16.3042099079711,51.8467718941898,70.2476873011921,87.494419182989,82.7440952480601,83.6957900920289,48.1532281058102,29.7523126988079,12.505580817010994,35.5425619862187,18.4009154070023,17.246731881796904,1183497271.0,1118225223.0,3555913986.0,4817941882.0,6000810031.0,5675008777.0,5740280825.0,3302592062.0,2040564166.0,857696017.0,2437688763.0,1262027896.0,1182868149.0
World,2010,16.967754757132,14.7367106887956,50.09429310964389,69.071768902189,87.0277708019704,83.032245242868,85.2632893112044,49.90570689035611,30.928231097810993,12.972229198029597,35.35758242084829,18.97747579254511,17.9560018997814,1177604043.0,1022764080.0,3476667534.0,4793751176.0,6039942009.0,5762642677.0,5917482640.0,3463579186.0,2146495544.0,900304711.0,2453903454.0,1317083641.0,1246190833.0
World,2011,15.987232022048,13.390861333874298,48.3979633239452,67.9847281153849,86.9443571561082,84.012767977952,86.6091386661257,51.6020366760548,32.0152718846151,13.055642843891803,35.0071019900709,19.5867647914397,18.9596290407233,1126119387.0,943234485.0,3409088247.0,4788753941.0,6124245026.0,5917747778.0,6100632680.0,3634778918.0,2255113224.0,919622139.0,2465853763.0,1379665694.0,1335491085.0
World,2012,15.9332674174158,12.4803677032068,47.0156431776191,66.9749201110029,86.8791680163163,84.0667325825842,87.5196322967932,52.9843568223809,33.0250798889971,13.1208319836837,34.535275474412295,19.959276933383805,19.904247905313397,1134070863.0,888306271.0,3346399055.0,4767026339.0,6183736861.0,5983558141.0,6229322733.0,3771229949.0,2350602665.0,933892143.0,2458092784.0,1420627284.0,1416710522.0
World,2013,13.7041091200145,10.5927151195533,44.6854767661154,65.7939348415866,86.7941851064727,86.2958908799855,89.4072848804467,55.3145232338846,34.206065158413395,13.205814893527304,34.092761646562096,21.108458075471205,21.00025026488609,988046530.0,763719504.0,3221758516.0,4743647941.0,6257735740.0,6221809443.0,6446136470.0,3988097458.0,2466208032.0,952120234.0,2458039012.0,1521889425.0,1514087798.0
World,2014,12.4456006899106,10.1068014771888,43.2460268615896,64.8563675809087,86.66844891547821,87.5543993100894,89.8931985228112,56.7539731384104,35.143632419091304,13.331551084521791,33.1392253844008,21.610340719319098,21.812081334569513,909865159.0,738881695.0,3161603372.0,4741478589.0,6336102533.0,6400872038.0,6571855502.0,4149133825.0,2569258608.0,974634664.0,2422721677.0,1579875217.0,1594623944.0
World,2015,12.1788603865766,10.604951574507,42.471045984476,64.2392528240495,86.463826017961,87.8211396134234,89.395048425493,57.528954015524,35.7607471759505,13.536173982039005,31.866094409969,21.7682068395735,22.224573193911496,907145147.0,789912196.0,3163465384.0,4784875152.0,6440277470.0,6541377278.0,6658610229.0,4285057041.0,2663647273.0,1008244955.0,2373553188.0,1621409768.0,1655402318.0
World,2016,11.3044647051386,9.56800826481537,41.6367360985371,63.545626002443,86.1502586838121,88.6955352948614,90.43199173518462,58.3632639014629,36.454373997557,13.849741316187902,32.06872783372173,21.9088899039059,22.604632681369097,851993182.0,721120196.0,3138071214.0,4789297106.0,6492959635.0,6684791657.0,6815664642.0,4398713625.0,2747487733.0,1043825204.0,2416951017.0,1651225893.0,1703662529.0
World,2017,10.887148674436,9.32206865006051,41.2839409067851,63.2711956697262,86.2464208952413,89.112851325564,90.67793134993948,58.7160590932149,36.7288043302738,13.7535791047587,31.96187225672459,21.9872547629411,22.975225225515103,840398380.0,719587068.0,3186780864.0,4884016186.0,6657514706.0,6878779571.0,6999590883.0,4532397087.0,2835161766.0,1061663246.0,2467193796.0,1697235322.0,1773498520.0
World,2018,10.0145131658043,8.61439759366677,40.28790762918699,62.6593335633848,85.9797151476388,89.9854868341957,91.38560240633323,59.71209237081301,37.3406664366152,14.0202848523612,31.673510035520227,22.3714259341978,23.320381584254,783759875.0,674183464.0,3153028502.0,4903870076.0,6728979201.0,7042480523.0,7152056933.0,4673211895.0,2922370321.0,1097261197.0,2478845038.0,1750841574.0,1825109124.0
