year,polity_valid_mean,polity2_mean,n_valid,n_polity2,n_rows,release,score,polity2_minus_hp
1800,-7.363636363636363,-7.363636363636363,22,22,22,p4v2015,-6.944444444444445,-0.41919191919191867
1801,-7.238095238095238,-7.238095238095238,21,21,22,p4v2015,-6.944444444444445,-0.2936507936507935
1802,-7.363636363636363,-7.363636363636363,22,22,22,p4v2015,-6.944444444444445,-0.41919191919191867
1803,-7.363636363636363,-7.363636363636363,22,22,22,p4v2015,-6.944444444444445,-0.41919191919191867
1804,-7.363636363636363,-7.363636363636363,22,22,22,p4v2015,-6.944444444444445,-0.41919191919191867
1805,-7.238095238095238,-7.238095238095238,21,21,22,p4v2015,-6.944444444444445,-0.2936507936507935
1806,-7.363636363636363,-7.363636363636363,22,22,23,p4v2015,-6.944444444444445,-0.41919191919191867
1807,-7.238095238095238,-7.238095238095238,21,21,23,p4v2015,-6.916666666666667,-0.3214285714285712
1808,-7.1,-7.1,20,20,23,p4v2015,-6.880952380952381,-0.21904761904761827
1809,-6.684210526315789,-6.8,19,20,23,p4v2015,-6.511904761904763,-0.28809523809523707
1810,-6.684210526315789,-6.8,19,20,23,p4v2015,-6.476190476190476,-0.32380952380952355
1811,-6.8,-6.904761904761905,20,21,24,p4v2015,-6.575187969924813,-0.3295739348370921
1812,-6.857142857142857,-6.857142857142857,21,21,24,p4v2015,-6.488721804511278,-0.36842105263157876
1813,-6.857142857142857,-6.857142857142857,21,21,24,p4v2015,-6.454887218045113,-0.40225563909774387
1814,-6.782608695652174,-6.782608695652174,23,23,25,p4v2015,-6.25,-0.5326086956521738
1815,-7.366666666666666,-7.366666666666666,30,30,31,p4v2015,-6.340909090909091,-1.0257575757575754
1816,-7.451612903225806,-7.451612903225806,31,31,32,p4v2015,-6.318181818181818,-1.1334310850439877
1817,-7.451612903225806,-7.451612903225806,31,31,32,p4v2015,-6.295454545454546,-1.1561583577712602
1818,-7.34375,-7.34375,32,32,33,p4v2015,-6.217391304347826,-1.1263586956521738
1819,-7.242424242424242,-7.242424242424242,33,33,34,p4v2015,-6.195652173913044,-1.0467720685111983
1820,-6.852941176470588,-6.742857142857143,34,35,35,p4v2015,-5.833333333333333,-0.9095238095238098
1821,-6.694444444444445,-6.594594594594595,36,37,37,p4v2015,-5.72,-0.874594594594595
1822,-6.594594594594595,-6.5,37,38,38,p4v2015,-5.615384615384615,-0.884615384615385
1823,-6.552631578947368,-6.552631578947368,38,38,38,p4v2015,-5.6923076923076925,-0.8603238866396756
1824,-6.358974358974359,-6.275,39,40,40,p4v2015,-5.62962962962963,-0.6453703703703706
1825,-6.2439024390243905,-6.119047619047619,41,42,42,p4v2015,-5.448275862068965,-0.6707717569786533
1826,-6.2439024390243905,-6.071428571428571,41,42,42,p4v2015,-5.379310344827586,-0.6921182266009849
1827,-6.214285714285714,-6.0,42,43,43,p4v2015,-5.3,-0.7000000000000002
1828,-6.046511627906977,-6.046511627906977,43,43,43,p4v2015,-5.233333333333333,-0.8131782945736434
1829,-6.071428571428571,-6.046511627906977,42,43,43,p4v2015,-5.233333333333333,-0.8131782945736434
1830,-5.76595744680851,-5.75,47,48,48,p4v2015,-4.942857142857143,-0.8071428571428569
1831,-5.717391304347826,-5.6875,46,48,48,p4v2015,-4.942857142857143,-0.7446428571428569
1832,-5.553191489361702,-5.530612244897959,47,49,49,p4v2015,-4.75,-0.7806122448979593
1833,-5.586956521739131,-5.541666666666667,46,48,48,p4v2015,-4.75,-0.791666666666667
1834,-5.630434782608695,-5.541666666666667,46,48,48,p4v2015,-4.75,-0.791666666666667
1835,-5.729166666666667,-5.729166666666667,48,48,48,p4v2015,-5.0,-0.729166666666667
1836,-5.617021276595745,-5.5625,47,48,48,p4v2015,-4.777777777777778,-0.7847222222222223
1837,-5.416666666666667,-5.416666666666667,48,48,48,p4v2015,-4.583333333333333,-0.8333333333333339
1838,-5.18,-5.18,50,50,50,p4v2015,-4.315789473684211,-0.8642105263157891
1839,-5.196078431372549,-5.196078431372549,51,51,51,p4v2015,-4.2,-0.996078431372549
1840,-5.196078431372549,-5.196078431372549,51,51,51,p4v2015,-4.225,-0.9710784313725496
1841,-5.019607843137255,-5.019607843137255,51,51,52,p4v2015,-4.048780487804878,-0.9708273553323767
1842,-5.0576923076923075,-5.0576923076923075,52,52,52,p4v2015,-4.146341463414634,-0.9113508442776732
1843,-5.0576923076923075,-5.0576923076923075,52,52,52,p4v2015,-4.146341463414634,-0.9113508442776732
1844,-5.037735849056604,-5.037735849056604,53,53,53,p4v2015,-4.142857142857143,-0.894878706199461
1845,-5.056603773584905,-5.056603773584905,53,53,53,p4v2015,-4.142857142857143,-0.9137466307277622
1846,-5.038461538461538,-5.038461538461538,52,52,53,p4v2015,-4.071428571428571,-0.9670329670329672
1847,-4.867924528301887,-4.867924528301887,53,53,54,p4v2015,-3.883720930232558,-0.9842035980693291
1848,-3.981132075471698,-4.074074074074074,53,54,55,p4v2015,-3.1818181818181817,-0.8922558922558927
1849,-3.8703703703703702,-3.963636363636364,54,55,55,p4v2015,-2.909090909090909,-1.0545454545454547
1850,-3.9454545454545458,-3.9454545454545458,55,55,55,p4v2015,-2.886363636363636,-1.05909090909091
1851,-4.037037037037037,-3.981818181818182,54,55,55,p4v2015,-2.9318181818181817,-1.0500000000000003
1852,-4.226415094339623,-4.222222222222222,53,54,55,p4v2015,-3.136363636363636,-1.0858585858585865
1853,-3.9814814814814814,-3.9814814814814814,54,54,55,p4v2015,-2.840909090909091,-1.1405723905723906
1854,-3.8392857142857144,-3.8392857142857144,56,56,56,p4v2015,-2.909090909090909,-0.9301948051948052
1855,-3.75,-3.75,56,56,57,p4v2015,-2.7555555555555555,-0.9944444444444445
1856,-3.75,-3.75,56,56,57,p4v2015,-2.7555555555555555,-0.9944444444444445
1857,-3.508771929824561,-3.508771929824561,57,57,58,p4v2015,-2.4782608695652173,-1.030511060259344
1858,-3.526315789473684,-3.6206896551724137,57,58,58,p4v2015,-2.6956521739130435,-0.9250374812593702
1859,-3.4655172413793105,-3.542372881355932,58,59,59,p4v2015,-2.6382978723404253,-0.9040750090155067
1860,-3.3518518518518516,-3.4482758620689653,54,58,59,p4v2015,-2.574468085106383,-0.8738077769625825
1861,-2.7884615384615383,-2.872727272727273,52,55,56,p4v2015,-2.4791666666666665,-0.3935606060606065
1862,-2.7450980392156863,-2.7454545454545456,51,55,55,p4v2015,-2.3541666666666665,-0.3912878787878791
1863,-2.803921568627451,-2.6666666666666665,51,54,55,p4v2015,-2.2708333333333335,-0.39583333333333304
1864,-2.792452830188679,-2.7454545454545456,53,55,55,p4v2015,-2.3541666666666665,-0.3912878787878791
1865,-2.7962962962962963,-2.7818181818181817,54,55,55,p4v2015,-2.3958333333333335,-0.38598484848484826
1866,-2.9444444444444446,-2.909090909090909,54,55,55,p4v2015,-2.5416666666666665,-0.36742424242424265
1867,-2.5357142857142856,-2.5517241379310347,56,58,58,p4v2015,-2.176470588235294,-0.37525354969574076
1868,-2.4545454545454546,-2.5517241379310347,55,58,58,p4v2015,-2.25,-0.3017241379310347
1869,-2.327272727272727,-2.431034482758621,55,58,58,p4v2015,-2.1153846153846154,-0.3156498673740056
1870,-2.309090909090909,-2.3275862068965516,55,58,58,p4v2015,-2.0,-0.3275862068965516
1871,-2.0185185185185186,-2.070175438596491,54,57,57,p4v2015,-1.7058823529411764,-0.3642930856553146
1872,-1.68,-1.679245283018868,50,53,53,p4v2015,-1.6274509803921569,-0.05179430262671114
1873,-1.75,-1.679245283018868,52,53,53,p4v2015,-1.6274509803921569,-0.05179430262671114
1874,-1.6274509803921569,-1.5849056603773586,51,53,53,p4v2015,-1.5294117647058822,-0.055493895671476334
1875,-1.607843137254902,-1.490566037735849,51,53,53,p4v2015,-1.431372549019608,-0.05919348871624086
1876,-1.6862745098039216,-1.6226415094339623,51,53,53,p4v2015,-1.568627450980392,-0.054014058453570435
1877,-1.5576923076923077,-1.660377358490566,52,53,53,p4v2015,-1.607843137254902,-0.05253422123566387
1878,-1.5576923076923077,-1.679245283018868,52,53,53,p4v2015,-1.6274509803921569,-0.05179430262671114
1879,-1.4150943396226414,-1.5555555555555556,53,54,54,p4v2015,-1.5,-0.05555555555555558
1880,-1.0925925925925926,-1.0925925925925926,54,54,54,p4v2015,-1.0192307692307692,-0.0733618233618234
1881,-1.0754716981132075,-1.0754716981132075,53,53,54,p4v2015,-1.0384615384615383,-0.037010159651669206
1882,-1.0754716981132075,-1.0754716981132075,53,53,54,p4v2015,-1.0384615384615383,-0.037010159651669206
1883,-1.0,-1.0,54,54,54,p4v2015,-0.9230769230769232,-0.07692307692307676
1884,-1.0925925925925926,-1.0925925925925926,54,54,54,p4v2015,-1.0192307692307692,-0.0733618233618234
1885,-1.0925925925925926,-1.0925925925925926,54,54,54,p4v2015,-1.0192307692307692,-0.0733618233618234
1886,-1.2777777777777777,-1.2777777777777777,54,54,54,p4v2015,-1.2115384615384617,-0.066239316239316
1887,-1.2777777777777777,-1.2777777777777777,54,54,54,p4v2015,-1.2115384615384617,-0.066239316239316
1888,-1.148148148148148,-1.148148148148148,54,54,54,p4v2015,-1.0769230769230769,-0.07122507122507105
1889,-1.0740740740740742,-1.0740740740740742,54,54,54,p4v2015,-1.0,-0.07407407407407418
1890,-0.8148148148148148,-0.8148148148148148,54,54,54,p4v2015,-0.7307692307692307,-0.08404558404558404
1891,-0.8518518518518519,-0.8518518518518519,54,54,54,p4v2015,-0.7692307692307693,-0.08262108262108259
1892,-0.8333333333333334,-0.8333333333333334,54,54,54,p4v2015,-0.75,-0.08333333333333337
1893,-0.8148148148148148,-0.8148148148148148,54,54,54,p4v2015,-0.7307692307692307,-0.08404558404558404
1894,-0.7407407407407407,-0.7407407407407407,54,54,54,p4v2015,-0.6538461538461539,-0.08689458689458684
1895,-0.7592592592592593,-0.7592592592592593,54,54,54,p4v2015,-0.6730769230769231,-0.08618233618233617
1896,-0.8518518518518519,-0.8518518518518519,54,54,54,p4v2015,-0.7692307692307693,-0.08262108262108259
1897,-0.8518518518518519,-0.8518518518518519,54,54,54,p4v2015,-0.7692307692307693,-0.08262108262108259
1898,-0.5185185185185185,-0.5185185185185185,54,54,54,p4v2015,-0.4230769230769231,-0.09544159544159542
1899,-0.5185185185185185,-0.5185185185185185,54,54,54,p4v2015,-0.4230769230769231,-0.09544159544159542
1900,-0.5370370370370371,-0.5370370370370371,54,54,54,p4v2015,-0.4423076923076923,-0.0947293447293448
1901,-0.3148148148148148,-0.3454545454545454,54,55,55,p4v2015,-0.2452830188679245,-0.1001715265866209
1902,-0.2545454545454545,-0.2678571428571428,55,56,56,p4v2015,-0.1666666666666666,-0.10119047619047619
1903,-0.3090909090909091,-0.3035714285714285,55,56,56,p4v2015,-0.1272727272727272,-0.1762987012987013
1904,-0.4181818181818181,-0.3928571428571428,55,56,56,p4v2015,-0.2181818181818181,-0.1746753246753247
1905,-0.2407407407407407,-0.3392857142857143,54,56,56,p4v2015,-0.2,-0.1392857142857143
1906,-0.1296296296296296,-0.0714285714285714,54,56,56,p4v2015,0.0363636363636363,-0.10779220779220769
1907,-0.3962264150943396,-0.375,53,56,57,p4v2015,-0.2232142857142857,-0.1517857142857143
1908,0.0185185185185185,0.0526315789473684,54,57,57,p4v2015,0.1607142857142857,-0.10808270676691731
1909,0.037037037037037,0.1052631578947368,54,57,57,p4v2015,0.2142857142857142,-0.1090225563909774
1910,0.1481481481481481,0.3275862068965517,54,58,58,p4v2015,0.4385964912280701,-0.11101028433151838
1911,0.5576923076923077,0.6140350877192983,52,57,57,p4v2015,0.7349953831948292,-0.12096029547553089
1912,0.5192307692307693,0.6785714285714286,52,56,57,p4v2015,0.8734995383194829,-0.1949281097480543
1913,0.92,1.0363636363636364,50,55,56,p4v2015,0.854507680684966,0.1818559556786704
1914,0.5098039215686274,0.7454545454545455,51,55,57,p4v2015,0.7866276192047518,-0.04117307375020629
1915,0.7,0.7962962962962963,50,54,57,p4v2015,0.7377907935984162,0.05850550269788013
1916,0.7916666666666666,0.903846153846154,48,52,57,p4v2015,0.7751608645438047,0.12868528930234924
1917,1.4339622641509433,1.4285714285714286,53,56,59,p4v2015,1.2354465709728866,0.19312485759854203
1918,1.830188679245283,1.694915254237288,53,59,63,p4v2015,1.6853912640839637,0.009523990153324391
1919,1.851851851851852,1.7966101694915255,54,59,63,p4v2015,1.7195439110973916,0.07706625839413395
1920,2.0,2.0161290322580645,59,62,64,p4v2015,1.9004632794106475,0.11566575284741698
1921,2.262295081967213,2.1746031746031744,61,63,65,p4v2015,2.1696606035106263,0.0049425710925481425
1922,2.2459016393442623,2.0,61,66,67,p4v2015,2.169036471484452,-0.1690364714844521
1923,1.9508196721311477,1.6923076923076923,61,65,66,p4v2015,1.8140994256661331,-0.12179173335844085
1924,1.532258064516129,1.2878787878787878,62,66,68,p4v2015,1.460381413285193,-0.17250262540640526
1925,1.1791044776119404,1.0735294117647058,67,68,68,p4v2015,1.2503678613718987,-0.17683844960719286
1926,1.015384615384615,0.9264705882352942,65,68,69,p4v2015,1.039760863731272,-0.11329027549597792
1927,1.0307692307692309,0.8235294117647058,65,68,69,p4v2015,0.9504828052284672,-0.12695339346376133
1928,0.6119402985074627,0.5652173913043478,67,69,69,p4v2015,0.7435576879021333,-0.1783402965977855
1929,0.4626865671641791,0.3188405797101449,67,69,69,p4v2015,0.6395737470463873,-0.32073316733624235
1930,0.265625,0.144927536231884,64,69,69,p4v2015,0.4620603944259355,-0.31713285819405146
1931,0.2121212121212121,-0.0144927536231884,66,69,69,p4v2015,0.2992529241584249,-0.31374567778161333
1932,0.2272727272727272,0.0144927536231884,66,69,69,p4v2015,0.3276219244791496,-0.3131291708559612
1933,-0.2615384615384615,-0.3478260869565217,65,69,69,p4v2015,-0.0263620163765962,-0.3214640705799255
1934,-0.7384615384615385,-0.855072463768116,65,69,69,p4v2015,-0.5421106631146951,-0.31296180065342083
1935,-0.7352941176470589,-0.8428571428571429,68,70,70,p4v2015,-0.5497743923186954,-0.29308275053844746
1936,-1.391304347826087,-1.391304347826087,69,69,70,p4v2015,-1.1594976963504449,-0.23180665147564206
1937,-0.8805970149253731,-0.9411764705882352,67,68,70,p4v2015,-0.8271920148749481,-0.11398445571328708
1938,-0.7878787878787878,-0.7941176470588235,66,68,70,p4v2015,-0.7267703913704658,-0.06734725568835764
1939,-1.0476190476190477,-0.9850746268656716,63,67,70,p4v2015,-0.713305289605114,-0.27176933726055763
1940,-2.2413793103448274,-2.1746031746031744,58,63,70,p4v2015,-1.1636083037817913,-1.0109948708213832
1941,-1.9423076923076923,-1.7413793103448276,52,58,67,p4v2015,-0.9299812241818268,-0.8113980861630008
1942,-2.0185185185185186,-1.8166666666666669,54,60,67,p4v2015,-0.9721205139449792,-0.8445461527216876
1943,-1.9056603773584904,-1.6557377049180328,53,61,68,p4v2015,-0.7595516547007188,-0.896186050217314
1944,-0.7037037037037037,-0.8571428571428571,54,63,69,p4v2015,-0.1987208193243545,-0.6584220378185026
1945,0.2241379310344827,0.0597014925373134,58,67,72,p4v2015,-0.1013642057629471,0.1610656983002605
1946,0.7258064516129032,0.2318840579710145,62,69,72,p4v2015,0.1622800668913952,0.06960399107961929
1947,0.365079365079365,0.0285714285714285,63,70,73,p4v2015,0.1407707691975896,-0.1121993406261611
1948,0.1643835616438356,0.0266666666666666,73,75,78,p4v2015,0.2285301139907694,-0.2018634473241028
1949,-0.1052631578947368,-0.2435897435897435,76,78,79,p4v2015,-0.0716591896223653,-0.17193055396737822
1950,-0.0126582278481012,-0.0126582278481012,79,79,80,p4v2015,0.1981562393548282,-0.2108144672029294
1951,-0.0632911392405063,-0.15,79,80,81,p4v2015,0.1156305466288812,-0.2656305466288812
1952,0.1282051282051282,-0.0123456790123456,78,81,81,p4v2015,0.1590080173517592,-0.1713536963641048
1953,0.0769230769230769,-0.0975609756097561,78,82,82,p4v2015,-0.1186801886091997,0.021119212999443596
1954,-0.050632911392405,-0.3214285714285714,79,84,84,p4v2015,-0.2210024137036295,-0.1004261577249419
1955,-0.1829268292682926,-0.2705882352941176,82,85,85,p4v2015,-0.1199352434800979,-0.15065299181401967
1956,0.0476190476190476,0.0581395348837209,84,86,87,p4v2015,0.1718327371393451,-0.11369320225562421
1957,0.1395348837209302,0.1590909090909091,86,88,88,p4v2015,0.4682329150062452,-0.30914200591533614
1958,-0.3218390804597701,-0.3295454545454545,87,88,89,p4v2015,0.2083214608297289,-0.5378669153751834
1959,-0.1444444444444444,-0.1428571428571428,90,91,92,p4v2015,0.3711403762604779,-0.5139975191176207
1960,-0.6915887850467289,-0.6454545454545455,107,110,111,p4v2015,-0.2393764690462186,-0.40607807640832694
1961,-0.7636363636363637,-0.7719298245614035,110,114,114,p4v2015,-0.3760073045150069,-0.39592252004639655
1962,-0.7192982456140351,-0.7627118644067796,114,118,118,p4v2015,-0.4901822864812166,-0.27252957792556304
1963,-1.087719298245614,-1.0756302521008403,114,119,120,p4v2015,-0.7607274793975561,-0.31490277270328415
1964,-1.0701754385964912,-1.115702479338843,114,121,122,p4v2015,-0.8204980439805734,-0.2952044353582697
1965,-1.1610169491525424,-1.1639344262295082,118,122,123,p4v2015,-0.9022784948155196,-0.2616559314139886
1966,-1.2950819672131149,-1.264,122,125,126,p4v2015,-0.9748583050572074,-0.2891416949427926
1967,-1.5725806451612905,-1.5476190476190477,124,126,127,p4v2015,-1.2184963983702763,-0.3291226492487713
1968,-1.4126984126984128,-1.3953488372093024,126,129,130,p4v2015,-1.109861448230567,-0.28548738897873527
1969,-1.752,-1.689922480620155,125,129,130,p4v2015,-1.3476986345599915,-0.34222384606016343
1970,-1.6614173228346456,-1.6793893129770991,127,131,132,p4v2015,-1.310761823688019,-0.3686274892890802
1971,-2.146153846153846,-2.1044776119402986,130,134,135,p4v2015,-1.7385114420578165,-0.3659661698824821
1972,-2.522727272727273,-2.4592592592592593,132,135,136,p4v2015,-2.1190339726294045,-0.34022528662985474
1973,-2.4029850746268657,-2.3970588235294117,134,136,136,p4v2015,-2.040504822206482,-0.3565540013229298
1974,-2.308270676691729,-2.291970802919708,133,137,137,p4v2015,-1.9096299900408251,-0.382340812878883
1975,-2.3093525179856114,-2.244755244755245,139,143,143,p4v2015,-1.8677333871913948,-0.3770218575638502
1976,-2.5319148936170213,-2.4895104895104896,141,143,143,p4v2015,-2.1160649497412716,-0.373445539769218
1977,-2.618705035971223,-2.5174825174825175,139,143,143,p4v2015,-2.155200319914555,-0.3622821975679624
1978,-2.1231884057971016,-2.0694444444444446,138,144,144,p4v2015,-1.6867422341699037,-0.382702210274541
1979,-1.7462686567164178,-1.6382978723404256,134,141,144,p4v2015,-1.2688649445322058,-0.3694329278082198
1980,-1.9191176470588236,-1.8591549295774648,136,142,144,p4v2015,-1.491832725317043,-0.36732220426042184
1981,-1.9635036496350364,-1.8943661971830985,137,142,144,p4v2015,-1.5176174075103306,-0.3767487896727679
1982,-1.870503597122302,-1.816901408450704,139,142,144,p4v2015,-1.430726033365591,-0.3861753750851131
1983,-1.6762589928057554,-1.6126760563380282,139,142,144,p4v2015,-1.2170740958405684,-0.3956019604974599
1984,-1.6785714285714286,-1.6830985915492958,140,142,144,p4v2015,-1.2780700456394902,-0.4050285459098055
1985,-1.4710144927536233,-1.4366197183098592,138,142,144,p4v2015,-1.0221645869877076,-0.4144551313221516
1986,-1.2949640287769784,-1.3169014084507042,139,142,144,p4v2015,-0.9000619452373334,-0.41683946321337084
1987,-1.237410071942446,-1.2605633802816902,139,142,144,p4v2015,-0.8342973316559734,-0.4262660486257168
1988,-1.0,-0.986013986013986,141,143,144,p4v2015,-0.5713496194830642,-0.41466436653092187
1989,-0.5539568345323741,-0.5244755244755245,139,143,144,p4v2015,-0.1302328932256479,-0.3942426312498766
1990,0.6762589928057554,0.5833333333333334,139,144,147,p4v2015,0.7274151181790546,-0.1440817848457212
1991,1.5782312925170068,1.3375,147,160,161,p4v2015,1.4213644392110685,-0.08386443921106856
1992,2.1824324324324325,2.00625,148,160,161,p4v2015,2.043513808139535,-0.037263808139535115
1993,2.3006535947712417,2.208588957055215,153,163,164,p4v2015,2.308888571836211,-0.10029961478099603
1994,2.616883116883117,2.4876543209876543,154,162,163,p4v2015,2.5750642031673565,-0.08740988217970225
1995,2.5844155844155843,2.459627329192547,154,161,163,p4v2015,2.5501363766867646,-0.09050904749421784
1996,2.420382165605095,2.347826086956522,157,161,163,p4v2015,2.441411857594028,-0.09358577063750584
1997,2.3734177215189876,2.329192546583851,158,161,163,p4v2015,2.419107091587712,-0.08991454500386098
1998,2.587096774193548,2.484472049689441,155,161,163,p4v2015,2.575814671260408,-0.09134262157096718
1999,2.7973856209150325,2.701863354037267,153,161,163,p4v2015,2.794250645994832,-0.09238729195756523
2000,2.987012987012987,2.9440993788819876,154,161,163,p4v2015,2.957131065173701,-0.013031686291713473
2001,3.220779220779221,3.15,154,160,163,p4v2015,3.104138468479554,0.04586153152044581
2002,3.352564102564102,3.260869565217391,156,161,164,p4v2015,3.2189302529400976,0.04193931227729353
2003,3.363636363636364,3.289308176100629,154,159,164,p4v2015,3.213419698565757,0.07588847753487205
2004,3.4805194805194803,3.41875,154,160,164,p4v2015,3.3494879871971475,0.06926201280285271
2005,3.673076923076923,3.633540372670807,156,161,164,p4v2015,3.5587270075358557,0.0748133651349514
2006,3.7639751552795033,3.7177914110429446,161,163,166,p4v2015,3.627705627705628,0.09008578333731654
2007,3.73125,3.685185185185185,160,162,165,p4v2015,3.606707317073171,0.07847786811201418
2008,3.8447204968944098,3.7975460122699385,161,163,166,p4v2015,3.72987012987013,0.0676758823998087
2009,3.8322981366459623,3.785276073619632,161,163,166,p4v2015,3.7294372294372296,0.05583884418240226
2010,3.9125,3.841463414634146,160,164,166,p4v2015,3.801731601731602,0.03973181290254413
2011,4.061728395061729,4.012121212121212,162,165,168,p4v2015,4.013339070567986,-0.0012178584467745779
2012,4.1125,4.0,160,165,167,p4v2015,4.012987012987013,-0.012987012987013102
2013,4.2625,4.16969696969697,160,165,167,p4v2015,4.185281385281385,-0.015584415584415368
2014,4.229813664596273,4.102409638554217,161,166,167,p4v2015,4.121951219512195,-0.019541580957977978
2015,4.34375,4.212121212121212,160,165,167,p4v2015,4.233128834355829,-0.02100762223461672
1800,-7.363636363636363,-7.363636363636363,22,22,22,p4v2018,-6.944444444444445,-0.41919191919191867
1801,-7.238095238095238,-7.238095238095238,21,21,22,p4v2018,-6.944444444444445,-0.2936507936507935
1802,-7.363636363636363,-7.363636363636363,22,22,22,p4v2018,-6.944444444444445,-0.41919191919191867
1803,-7.363636363636363,-7.363636363636363,22,22,22,p4v2018,-6.944444444444445,-0.41919191919191867
1804,-7.363636363636363,-7.363636363636363,22,22,22,p4v2018,-6.944444444444445,-0.41919191919191867
1805,-7.238095238095238,-7.238095238095238,21,21,22,p4v2018,-6.944444444444445,-0.2936507936507935
1806,-7.363636363636363,-7.363636363636363,22,22,23,p4v2018,-6.944444444444445,-0.41919191919191867
1807,-7.238095238095238,-7.238095238095238,21,21,23,p4v2018,-6.916666666666667,-0.3214285714285712
1808,-7.1,-7.1,20,20,23,p4v2018,-6.880952380952381,-0.21904761904761827
1809,-6.684210526315789,-6.8,19,20,23,p4v2018,-6.511904761904763,-0.28809523809523707
1810,-6.684210526315789,-6.8,19,20,23,p4v2018,-6.476190476190476,-0.32380952380952355
1811,-6.8,-6.904761904761905,20,21,24,p4v2018,-6.575187969924813,-0.3295739348370921
1812,-6.857142857142857,-6.857142857142857,21,21,24,p4v2018,-6.488721804511278,-0.36842105263157876
1813,-6.857142857142857,-6.857142857142857,21,21,24,p4v2018,-6.454887218045113,-0.40225563909774387
1814,-6.782608695652174,-6.782608695652174,23,23,25,p4v2018,-6.25,-0.5326086956521738
1815,-7.366666666666666,-7.366666666666666,30,30,31,p4v2018,-6.340909090909091,-1.0257575757575754
1816,-7.451612903225806,-7.451612903225806,31,31,32,p4v2018,-6.318181818181818,-1.1334310850439877
1817,-7.451612903225806,-7.451612903225806,31,31,32,p4v2018,-6.295454545454546,-1.1561583577712602
1818,-7.34375,-7.34375,32,32,33,p4v2018,-6.217391304347826,-1.1263586956521738
1819,-7.242424242424242,-7.242424242424242,33,33,34,p4v2018,-6.195652173913044,-1.0467720685111983
1820,-6.852941176470588,-6.742857142857143,34,35,35,p4v2018,-5.833333333333333,-0.9095238095238098
1821,-6.694444444444445,-6.594594594594595,36,37,37,p4v2018,-5.72,-0.874594594594595
1822,-6.594594594594595,-6.5,37,38,38,p4v2018,-5.615384615384615,-0.884615384615385
1823,-6.552631578947368,-6.552631578947368,38,38,38,p4v2018,-5.6923076923076925,-0.8603238866396756
1824,-6.358974358974359,-6.275,39,40,40,p4v2018,-5.62962962962963,-0.6453703703703706
1825,-6.2439024390243905,-6.119047619047619,41,42,42,p4v2018,-5.448275862068965,-0.6707717569786533
1826,-6.2439024390243905,-6.071428571428571,41,42,42,p4v2018,-5.379310344827586,-0.6921182266009849
1827,-6.214285714285714,-6.0,42,43,43,p4v2018,-5.3,-0.7000000000000002
1828,-6.046511627906977,-6.046511627906977,43,43,43,p4v2018,-5.233333333333333,-0.8131782945736434
1829,-6.071428571428571,-6.046511627906977,42,43,43,p4v2018,-5.233333333333333,-0.8131782945736434
1830,-5.76595744680851,-5.75,47,48,48,p4v2018,-4.942857142857143,-0.8071428571428569
1831,-5.717391304347826,-5.6875,46,48,48,p4v2018,-4.942857142857143,-0.7446428571428569
1832,-5.553191489361702,-5.530612244897959,47,49,49,p4v2018,-4.75,-0.7806122448979593
1833,-5.586956521739131,-5.541666666666667,46,48,48,p4v2018,-4.75,-0.791666666666667
1834,-5.630434782608695,-5.541666666666667,46,48,48,p4v2018,-4.75,-0.791666666666667
1835,-5.729166666666667,-5.729166666666667,48,48,48,p4v2018,-5.0,-0.729166666666667
1836,-5.617021276595745,-5.5625,47,48,48,p4v2018,-4.777777777777778,-0.7847222222222223
1837,-5.416666666666667,-5.416666666666667,48,48,48,p4v2018,-4.583333333333333,-0.8333333333333339
1838,-5.18,-5.18,50,50,50,p4v2018,-4.315789473684211,-0.8642105263157891
1839,-5.196078431372549,-5.196078431372549,51,51,51,p4v2018,-4.2,-0.996078431372549
1840,-5.196078431372549,-5.196078431372549,51,51,51,p4v2018,-4.225,-0.9710784313725496
1841,-5.019607843137255,-5.019607843137255,51,51,52,p4v2018,-4.048780487804878,-0.9708273553323767
1842,-5.0576923076923075,-5.0576923076923075,52,52,52,p4v2018,-4.146341463414634,-0.9113508442776732
1843,-5.0576923076923075,-5.0576923076923075,52,52,52,p4v2018,-4.146341463414634,-0.9113508442776732
1844,-5.037735849056604,-5.037735849056604,53,53,53,p4v2018,-4.142857142857143,-0.894878706199461
1845,-5.056603773584905,-5.056603773584905,53,53,53,p4v2018,-4.142857142857143,-0.9137466307277622
1846,-5.038461538461538,-5.038461538461538,52,52,53,p4v2018,-4.071428571428571,-0.9670329670329672
1847,-4.867924528301887,-4.867924528301887,53,53,54,p4v2018,-3.883720930232558,-0.9842035980693291
1848,-3.981132075471698,-4.074074074074074,53,54,55,p4v2018,-3.1818181818181817,-0.8922558922558927
1849,-3.8703703703703702,-3.963636363636364,54,55,55,p4v2018,-2.909090909090909,-1.0545454545454547
1850,-3.9454545454545458,-3.9454545454545458,55,55,55,p4v2018,-2.886363636363636,-1.05909090909091
1851,-4.037037037037037,-3.981818181818182,54,55,55,p4v2018,-2.9318181818181817,-1.0500000000000003
1852,-4.226415094339623,-4.222222222222222,53,54,55,p4v2018,-3.136363636363636,-1.0858585858585865
1853,-3.9814814814814814,-3.9814814814814814,54,54,55,p4v2018,-2.840909090909091,-1.1405723905723906
1854,-3.8392857142857144,-3.8392857142857144,56,56,56,p4v2018,-2.909090909090909,-0.9301948051948052
1855,-3.75,-3.75,56,56,57,p4v2018,-2.7555555555555555,-0.9944444444444445
1856,-3.75,-3.75,56,56,57,p4v2018,-2.7555555555555555,-0.9944444444444445
1857,-3.508771929824561,-3.508771929824561,57,57,58,p4v2018,-2.4782608695652173,-1.030511060259344
1858,-3.526315789473684,-3.6206896551724137,57,58,58,p4v2018,-2.6956521739130435,-0.9250374812593702
1859,-3.4655172413793105,-3.542372881355932,58,59,59,p4v2018,-2.6382978723404253,-0.9040750090155067
1860,-3.3518518518518516,-3.4482758620689653,54,58,59,p4v2018,-2.574468085106383,-0.8738077769625825
1861,-2.7884615384615383,-2.872727272727273,52,55,56,p4v2018,-2.4791666666666665,-0.3935606060606065
1862,-2.7450980392156863,-2.7454545454545456,51,55,55,p4v2018,-2.3541666666666665,-0.3912878787878791
1863,-2.803921568627451,-2.6666666666666665,51,54,55,p4v2018,-2.2708333333333335,-0.39583333333333304
1864,-2.792452830188679,-2.7454545454545456,53,55,55,p4v2018,-2.3541666666666665,-0.3912878787878791
1865,-2.7962962962962963,-2.7818181818181817,54,55,55,p4v2018,-2.3958333333333335,-0.38598484848484826
1866,-2.9444444444444446,-2.909090909090909,54,55,55,p4v2018,-2.5416666666666665,-0.36742424242424265
1867,-2.5357142857142856,-2.5517241379310347,56,58,58,p4v2018,-2.176470588235294,-0.37525354969574076
1868,-2.4545454545454546,-2.5517241379310347,55,58,58,p4v2018,-2.25,-0.3017241379310347
1869,-2.327272727272727,-2.431034482758621,55,58,58,p4v2018,-2.1153846153846154,-0.3156498673740056
1870,-2.309090909090909,-2.3275862068965516,55,58,58,p4v2018,-2.0,-0.3275862068965516
1871,-2.0185185185185186,-2.070175438596491,54,57,57,p4v2018,-1.7058823529411764,-0.3642930856553146
1872,-1.68,-1.679245283018868,50,53,53,p4v2018,-1.6274509803921569,-0.05179430262671114
1873,-1.75,-1.679245283018868,52,53,53,p4v2018,-1.6274509803921569,-0.05179430262671114
1874,-1.6274509803921569,-1.5849056603773586,51,53,53,p4v2018,-1.5294117647058822,-0.055493895671476334
1875,-1.607843137254902,-1.490566037735849,51,53,53,p4v2018,-1.431372549019608,-0.05919348871624086
1876,-1.6862745098039216,-1.6226415094339623,51,53,53,p4v2018,-1.568627450980392,-0.054014058453570435
1877,-1.5576923076923077,-1.660377358490566,52,53,53,p4v2018,-1.607843137254902,-0.05253422123566387
1878,-1.5576923076923077,-1.679245283018868,52,53,53,p4v2018,-1.6274509803921569,-0.05179430262671114
1879,-1.4150943396226414,-1.5555555555555556,53,54,54,p4v2018,-1.5,-0.05555555555555558
1880,-1.0925925925925926,-1.0925925925925926,54,54,54,p4v2018,-1.0192307692307692,-0.0733618233618234
1881,-1.0754716981132075,-1.0754716981132075,53,53,54,p4v2018,-1.0384615384615383,-0.037010159651669206
1882,-1.0754716981132075,-1.0754716981132075,53,53,54,p4v2018,-1.0384615384615383,-0.037010159651669206
1883,-1.0,-1.0,54,54,54,p4v2018,-0.9230769230769232,-0.07692307692307676
1884,-1.0925925925925926,-1.0925925925925926,54,54,54,p4v2018,-1.0192307692307692,-0.0733618233618234
1885,-1.0925925925925926,-1.0925925925925926,54,54,54,p4v2018,-1.0192307692307692,-0.0733618233618234
1886,-1.2777777777777777,-1.2777777777777777,54,54,54,p4v2018,-1.2115384615384617,-0.066239316239316
1887,-1.2777777777777777,-1.2777777777777777,54,54,54,p4v2018,-1.2115384615384617,-0.066239316239316
1888,-1.148148148148148,-1.148148148148148,54,54,54,p4v2018,-1.0769230769230769,-0.07122507122507105
1889,-1.0740740740740742,-1.0740740740740742,54,54,54,p4v2018,-1.0,-0.07407407407407418
1890,-0.8148148148148148,-0.8148148148148148,54,54,54,p4v2018,-0.7307692307692307,-0.08404558404558404
1891,-0.8518518518518519,-0.8518518518518519,54,54,54,p4v2018,-0.7692307692307693,-0.08262108262108259
1892,-0.8333333333333334,-0.8333333333333334,54,54,54,p4v2018,-0.75,-0.08333333333333337
1893,-0.8148148148148148,-0.8148148148148148,54,54,54,p4v2018,-0.7307692307692307,-0.08404558404558404
1894,-0.7407407407407407,-0.7407407407407407,54,54,54,p4v2018,-0.6538461538461539,-0.08689458689458684
1895,-0.7592592592592593,-0.7592592592592593,54,54,54,p4v2018,-0.6730769230769231,-0.08618233618233617
1896,-0.8518518518518519,-0.8518518518518519,54,54,54,p4v2018,-0.7692307692307693,-0.08262108262108259
1897,-0.8518518518518519,-0.8518518518518519,54,54,54,p4v2018,-0.7692307692307693,-0.08262108262108259
1898,-0.5185185185185185,-0.5185185185185185,54,54,54,p4v2018,-0.4230769230769231,-0.09544159544159542
1899,-0.5185185185185185,-0.5185185185185185,54,54,54,p4v2018,-0.4230769230769231,-0.09544159544159542
1900,-0.5370370370370371,-0.5370370370370371,54,54,54,p4v2018,-0.4423076923076923,-0.0947293447293448
1901,-0.3148148148148148,-0.3454545454545454,54,55,55,p4v2018,-0.2452830188679245,-0.1001715265866209
1902,-0.2545454545454545,-0.2678571428571428,55,56,56,p4v2018,-0.1666666666666666,-0.10119047619047619
1903,-0.3090909090909091,-0.3035714285714285,55,56,56,p4v2018,-0.1272727272727272,-0.1762987012987013
1904,-0.4181818181818181,-0.3928571428571428,55,56,56,p4v2018,-0.2181818181818181,-0.1746753246753247
1905,-0.2407407407407407,-0.3392857142857143,54,56,56,p4v2018,-0.2,-0.1392857142857143
1906,-0.1296296296296296,-0.0714285714285714,54,56,56,p4v2018,0.0363636363636363,-0.10779220779220769
1907,-0.3962264150943396,-0.375,53,56,57,p4v2018,-0.2232142857142857,-0.1517857142857143
1908,0.0185185185185185,0.0526315789473684,54,57,57,p4v2018,0.1607142857142857,-0.10808270676691731
1909,0.037037037037037,0.1052631578947368,54,57,57,p4v2018,0.2142857142857142,-0.1090225563909774
1910,0.1481481481481481,0.3275862068965517,54,58,58,p4v2018,0.4385964912280701,-0.11101028433151838
1911,0.5576923076923077,0.6140350877192983,52,57,57,p4v2018,0.7349953831948292,-0.12096029547553089
1912,0.5192307692307693,0.6785714285714286,52,56,57,p4v2018,0.8734995383194829,-0.1949281097480543
1913,0.92,1.0363636363636364,50,55,56,p4v2018,0.854507680684966,0.1818559556786704
1914,0.5098039215686274,0.7454545454545455,51,55,57,p4v2018,0.7866276192047518,-0.04117307375020629
1915,0.7,0.7962962962962963,50,54,57,p4v2018,0.7377907935984162,0.05850550269788013
1916,0.7916666666666666,0.903846153846154,48,52,57,p4v2018,0.7751608645438047,0.12868528930234924
1917,1.4339622641509433,1.4285714285714286,53,56,59,p4v2018,1.2354465709728866,0.19312485759854203
1918,1.830188679245283,1.694915254237288,53,59,63,p4v2018,1.6853912640839637,0.009523990153324391
1919,1.851851851851852,1.7966101694915255,54,59,63,p4v2018,1.7195439110973916,0.07706625839413395
1920,2.0,2.0161290322580645,59,62,64,p4v2018,1.9004632794106475,0.11566575284741698
1921,2.262295081967213,2.1746031746031744,61,63,65,p4v2018,2.1696606035106263,0.0049425710925481425
1922,2.2459016393442623,2.0,61,66,67,p4v2018,2.169036471484452,-0.1690364714844521
1923,1.9508196721311477,1.6923076923076923,61,65,66,p4v2018,1.8140994256661331,-0.12179173335844085
1924,1.532258064516129,1.2878787878787878,62,66,68,p4v2018,1.460381413285193,-0.17250262540640526
1925,1.1791044776119404,1.0735294117647058,67,68,68,p4v2018,1.2503678613718987,-0.17683844960719286
1926,1.015384615384615,0.9264705882352942,65,68,69,p4v2018,1.039760863731272,-0.11329027549597792
1927,1.0307692307692309,0.8235294117647058,65,68,69,p4v2018,0.9504828052284672,-0.12695339346376133
1928,0.6119402985074627,0.5652173913043478,67,69,69,p4v2018,0.7435576879021333,-0.1783402965977855
1929,0.4626865671641791,0.3188405797101449,67,69,69,p4v2018,0.6395737470463873,-0.32073316733624235
1930,0.265625,0.144927536231884,64,69,69,p4v2018,0.4620603944259355,-0.31713285819405146
1931,0.2121212121212121,-0.0144927536231884,66,69,69,p4v2018,0.2992529241584249,-0.31374567778161333
1932,0.2272727272727272,0.0144927536231884,66,69,69,p4v2018,0.3276219244791496,-0.3131291708559612
1933,-0.2615384615384615,-0.3478260869565217,65,69,69,p4v2018,-0.0263620163765962,-0.3214640705799255
1934,-0.7384615384615385,-0.855072463768116,65,69,69,p4v2018,-0.5421106631146951,-0.31296180065342083
1935,-0.7352941176470589,-0.8428571428571429,68,70,70,p4v2018,-0.5497743923186954,-0.29308275053844746
1936,-1.391304347826087,-1.391304347826087,69,69,70,p4v2018,-1.1594976963504449,-0.23180665147564206
1937,-0.8805970149253731,-0.9411764705882352,67,68,70,p4v2018,-0.8271920148749481,-0.11398445571328708
1938,-0.7878787878787878,-0.7941176470588235,66,68,70,p4v2018,-0.7267703913704658,-0.06734725568835764
1939,-1.0476190476190477,-0.9850746268656716,63,67,70,p4v2018,-0.713305289605114,-0.27176933726055763
1940,-2.2413793103448274,-2.1746031746031744,58,63,70,p4v2018,-1.1636083037817913,-1.0109948708213832
1941,-1.9423076923076923,-1.7413793103448276,52,58,67,p4v2018,-0.9299812241818268,-0.8113980861630008
1942,-2.0185185185185186,-1.8166666666666669,54,60,67,p4v2018,-0.9721205139449792,-0.8445461527216876
1943,-1.9056603773584904,-1.6557377049180328,53,61,68,p4v2018,-0.7595516547007188,-0.896186050217314
1944,-0.7037037037037037,-0.8571428571428571,54,63,69,p4v2018,-0.1987208193243545,-0.6584220378185026
1945,0.2241379310344827,0.0597014925373134,58,67,72,p4v2018,-0.1013642057629471,0.1610656983002605
1946,0.7258064516129032,0.2318840579710145,62,69,72,p4v2018,0.1622800668913952,0.06960399107961929
1947,0.365079365079365,0.0285714285714285,63,70,73,p4v2018,0.1407707691975896,-0.1121993406261611
1948,0.1643835616438356,0.0266666666666666,73,75,78,p4v2018,0.2285301139907694,-0.2018634473241028
1949,-0.1052631578947368,-0.2435897435897435,76,78,79,p4v2018,-0.0716591896223653,-0.17193055396737822
1950,-0.0126582278481012,-0.0126582278481012,79,79,80,p4v2018,0.1981562393548282,-0.2108144672029294
1951,-0.0632911392405063,-0.15,79,80,81,p4v2018,0.1156305466288812,-0.2656305466288812
1952,0.1282051282051282,-0.0123456790123456,78,81,81,p4v2018,0.1590080173517592,-0.1713536963641048
1953,0.0769230769230769,-0.0975609756097561,78,82,82,p4v2018,-0.1186801886091997,0.021119212999443596
1954,-0.050632911392405,-0.3214285714285714,79,84,84,p4v2018,-0.2210024137036295,-0.1004261577249419
1955,-0.1829268292682926,-0.2705882352941176,82,85,85,p4v2018,-0.1199352434800979,-0.15065299181401967
1956,0.0476190476190476,0.0581395348837209,84,86,87,p4v2018,0.1718327371393451,-0.11369320225562421
1957,0.1395348837209302,0.1590909090909091,86,88,88,p4v2018,0.4682329150062452,-0.30914200591533614
1958,-0.3218390804597701,-0.3295454545454545,87,88,89,p4v2018,0.2083214608297289,-0.5378669153751834
1959,-0.1444444444444444,-0.1428571428571428,90,91,92,p4v2018,0.3711403762604779,-0.5139975191176207
1960,-0.6915887850467289,-0.6454545454545455,107,110,111,p4v2018,-0.2393764690462186,-0.40607807640832694
1961,-0.7636363636363637,-0.7719298245614035,110,114,114,p4v2018,-0.3760073045150069,-0.39592252004639655
1962,-0.7192982456140351,-0.7627118644067796,114,118,118,p4v2018,-0.4901822864812166,-0.27252957792556304
1963,-1.087719298245614,-1.0756302521008403,114,119,120,p4v2018,-0.7607274793975561,-0.31490277270328415
1964,-1.0701754385964912,-1.115702479338843,114,121,122,p4v2018,-0.8204980439805734,-0.2952044353582697
1965,-1.1610169491525424,-1.1639344262295082,118,122,123,p4v2018,-0.9022784948155196,-0.2616559314139886
1966,-1.2950819672131149,-1.264,122,125,126,p4v2018,-0.9748583050572074,-0.2891416949427926
1967,-1.5887096774193548,-1.5634920634920637,124,126,127,p4v2018,-1.2184963983702763,-0.34499566512178736
1968,-1.4285714285714286,-1.4108527131782946,126,129,130,p4v2018,-1.109861448230567,-0.30099126494772754
1969,-1.768,-1.7054263565891472,125,129,130,p4v2018,-1.3476986345599915,-0.3577277220291557
1970,-1.6771653543307086,-1.6946564885496185,127,131,132,p4v2018,-1.310761823688019,-0.3838946648615995
1971,-2.1615384615384614,-2.1194029850746268,130,134,135,p4v2018,-1.7385114420578165,-0.3808915430168103
1972,-2.537878787878788,-2.474074074074074,132,135,136,p4v2018,-2.1190339726294045,-0.35504010144466935
1973,-2.417910447761194,-2.411764705882353,134,136,136,p4v2018,-2.040504822206482,-0.3712598836758709
1974,-2.308270676691729,-2.291970802919708,133,137,137,p4v2018,-1.9096299900408251,-0.382340812878883
1975,-2.3093525179856114,-2.244755244755245,139,143,143,p4v2018,-1.8677333871913948,-0.3770218575638502
1976,-2.5319148936170213,-2.4895104895104896,141,143,143,p4v2018,-2.1160649497412716,-0.373445539769218
1977,-2.618705035971223,-2.5174825174825175,139,143,143,p4v2018,-2.155200319914555,-0.3622821975679624
1978,-2.1231884057971016,-2.0694444444444446,138,144,144,p4v2018,-1.6867422341699037,-0.382702210274541
1979,-1.7462686567164178,-1.6382978723404256,134,141,144,p4v2018,-1.2688649445322058,-0.3694329278082198
1980,-1.9191176470588236,-1.8591549295774648,136,142,144,p4v2018,-1.491832725317043,-0.36732220426042184
1981,-1.9635036496350364,-1.8943661971830985,137,142,144,p4v2018,-1.5176174075103306,-0.3767487896727679
1982,-1.870503597122302,-1.816901408450704,139,142,144,p4v2018,-1.430726033365591,-0.3861753750851131
1983,-1.6762589928057554,-1.6126760563380282,139,142,144,p4v2018,-1.2170740958405684,-0.3956019604974599
1984,-1.6785714285714286,-1.6830985915492958,140,142,144,p4v2018,-1.2780700456394902,-0.4050285459098055
1985,-1.4710144927536233,-1.4366197183098592,138,142,144,p4v2018,-1.0221645869877076,-0.4144551313221516
1986,-1.2949640287769784,-1.3169014084507042,139,142,144,p4v2018,-0.9000619452373334,-0.41683946321337084
1987,-1.237410071942446,-1.2605633802816902,139,142,144,p4v2018,-0.8342973316559734,-0.4262660486257168
1988,-1.0,-0.986013986013986,141,143,144,p4v2018,-0.5713496194830642,-0.41466436653092187
1989,-0.5539568345323741,-0.5244755244755245,139,143,144,p4v2018,-0.1302328932256479,-0.3942426312498766
1990,0.6762589928057554,0.5833333333333334,139,144,147,p4v2018,0.7274151181790546,-0.1440817848457212
1991,1.5782312925170068,1.3375,147,160,161,p4v2018,1.4213644392110685,-0.08386443921106856
1992,2.1824324324324325,2.00625,148,160,161,p4v2018,2.043513808139535,-0.037263808139535115
1993,2.3006535947712417,2.208588957055215,153,163,164,p4v2018,2.308888571836211,-0.10029961478099603
1994,2.616883116883117,2.4876543209876543,154,162,163,p4v2018,2.5750642031673565,-0.08740988217970225
1995,2.5844155844155843,2.459627329192547,154,161,163,p4v2018,2.5501363766867646,-0.09050904749421784
1996,2.420382165605095,2.347826086956522,157,161,163,p4v2018,2.441411857594028,-0.09358577063750584
1997,2.3734177215189876,2.329192546583851,158,161,163,p4v2018,2.419107091587712,-0.08991454500386098
1998,2.587096774193548,2.484472049689441,155,161,163,p4v2018,2.575814671260408,-0.09134262157096718
1999,2.7973856209150325,2.701863354037267,153,161,163,p4v2018,2.794250645994832,-0.09238729195756523
2000,2.987012987012987,2.9440993788819876,154,161,163,p4v2018,2.957131065173701,-0.013031686291713473
2001,3.220779220779221,3.15,154,160,163,p4v2018,3.104138468479554,0.04586153152044581
2002,3.352564102564102,3.260869565217391,156,161,164,p4v2018,3.2189302529400976,0.04193931227729353
2003,3.363636363636364,3.289308176100629,154,159,164,p4v2018,3.213419698565757,0.07588847753487205
2004,3.4805194805194803,3.41875,154,160,164,p4v2018,3.3494879871971475,0.06926201280285271
2005,3.673076923076923,3.633540372670807,156,161,164,p4v2018,3.5587270075358557,0.0748133651349514
2006,3.7639751552795033,3.7177914110429446,161,163,166,p4v2018,3.627705627705628,0.09008578333731654
2007,3.73125,3.685185185185185,160,162,165,p4v2018,3.606707317073171,0.07847786811201418
2008,3.8447204968944098,3.7975460122699385,161,163,166,p4v2018,3.72987012987013,0.0676758823998087
2009,3.8322981366459623,3.785276073619632,161,163,166,p4v2018,3.7294372294372296,0.05583884418240226
2010,3.9125,3.841463414634146,160,164,166,p4v2018,3.801731601731602,0.03973181290254413
2011,4.061728395061729,4.012121212121212,162,165,168,p4v2018,4.013339070567986,-0.0012178584467745779
2012,4.1125,4.0,160,165,167,p4v2018,4.012987012987013,-0.012987012987013102
2013,4.25625,4.163636363636364,160,165,167,p4v2018,4.185281385281385,-0.021645021645021245
2014,4.22360248447205,4.096385542168675,161,166,167,p4v2018,4.121951219512195,-0.02556567734352022
2015,4.3375,4.192771084337349,160,166,167,p4v2018,4.233128834355829,-0.04035775001847952
2016,4.216049382716049,4.144578313253012,162,166,167,p4v2018,,
2017,4.190184049079755,4.114457831325301,163,166,167,p4v2018,,
2018,4.184049079754601,4.096385542168675,163,166,167,p4v2018,,
1800,-7.318181818181818,-7.318181818181818,22,22,22,p5v2018,-6.944444444444445,-0.3737373737373737
1801,-7.142857142857143,-7.142857142857143,21,21,22,p5v2018,-6.944444444444445,-0.1984126984126986
1802,-7.272727272727272,-7.272727272727272,22,22,22,p5v2018,-6.944444444444445,-0.32828282828282696
1803,-7.272727272727272,-7.272727272727272,22,22,22,p5v2018,-6.944444444444445,-0.32828282828282696
1804,-7.272727272727272,-7.272727272727272,22,22,22,p5v2018,-6.944444444444445,-0.32828282828282696
1805,-7.142857142857143,-7.142857142857143,21,21,22,p5v2018,-6.944444444444445,-0.1984126984126986
1806,-7.272727272727272,-7.272727272727272,22,22,23,p5v2018,-6.944444444444445,-0.32828282828282696
1807,-7.142857142857143,-7.142857142857143,21,21,23,p5v2018,-6.916666666666667,-0.22619047619047628
1808,-7.0,-7.0,20,20,23,p5v2018,-6.880952380952381,-0.11904761904761862
1809,-6.842105263157895,-6.95,19,20,23,p5v2018,-6.511904761904763,-0.4380952380952374
1810,-6.842105263157895,-6.95,19,20,23,p5v2018,-6.476190476190476,-0.4738095238095239
1811,-6.95,-7.0476190476190474,20,21,24,p5v2018,-6.575187969924813,-0.4724310776942344
1812,-7.0,-7.0,21,21,24,p5v2018,-6.488721804511278,-0.511278195488722
1813,-7.0,-7.0,21,21,24,p5v2018,-6.454887218045113,-0.5451127819548871
1814,-6.913043478260869,-6.913043478260869,23,23,25,p5v2018,-6.25,-0.6630434782608692
1815,-7.466666666666667,-7.466666666666667,30,30,31,p5v2018,-6.340909090909091,-1.125757575757576
1816,-7.548387096774194,-7.548387096774194,31,31,32,p5v2018,-6.318181818181818,-1.2302052785923756
1817,-7.548387096774194,-7.548387096774194,31,31,32,p5v2018,-6.295454545454546,-1.252932551319648
1818,-7.4375,-7.4375,32,32,33,p5v2018,-6.217391304347826,-1.2201086956521738
1819,-7.333333333333333,-7.333333333333333,33,33,34,p5v2018,-6.195652173913044,-1.1376811594202891
1820,-6.9411764705882355,-6.828571428571428,34,35,35,p5v2018,-5.833333333333333,-0.9952380952380953
1821,-6.777777777777778,-6.675675675675675,36,37,37,p5v2018,-5.72,-0.9556756756756757
1822,-6.675675675675675,-6.578947368421052,37,38,38,p5v2018,-5.615384615384615,-0.9635627530364372
1823,-6.631578947368421,-6.631578947368421,38,38,38,p5v2018,-5.6923076923076925,-0.9392712550607287
1824,-6.435897435897436,-6.35,39,40,40,p5v2018,-5.62962962962963,-0.7203703703703699
1825,-6.2926829268292686,-6.166666666666667,41,42,42,p5v2018,-5.448275862068965,-0.7183908045977017
1826,-6.2926829268292686,-6.119047619047619,41,42,42,p5v2018,-5.379310344827586,-0.7397372742200323
1827,-6.261904761904762,-6.046511627906977,42,43,43,p5v2018,-5.3,-0.746511627906977
1828,-6.093023255813954,-6.093023255813954,43,43,43,p5v2018,-5.233333333333333,-0.8596899224806203
1829,-6.0476190476190474,-6.023255813953488,42,43,43,p5v2018,-5.233333333333333,-0.789922480620155
1830,-5.782608695652174,-5.75,46,48,48,p5v2018,-4.942857142857143,-0.8071428571428569
1831,-5.695652173913044,-5.666666666666667,46,48,48,p5v2018,-4.942857142857143,-0.7238095238095239
1832,-5.531914893617022,-5.510204081632653,47,49,49,p5v2018,-4.75,-0.7602040816326534
1833,-5.565217391304348,-5.520833333333333,46,48,48,p5v2018,-4.75,-0.770833333333333
1834,-5.608695652173913,-5.520833333333333,46,48,48,p5v2018,-4.75,-0.770833333333333
1835,-5.708333333333333,-5.708333333333333,48,48,48,p5v2018,-5.0,-0.708333333333333
1836,-5.595744680851064,-5.541666666666667,47,48,48,p5v2018,-4.777777777777778,-0.7638888888888893
1837,-5.395833333333333,-5.395833333333333,48,48,48,p5v2018,-4.583333333333333,-0.8125
1838,-5.18,-5.18,50,50,50,p5v2018,-4.315789473684211,-0.8642105263157891
1839,-5.196078431372549,-5.196078431372549,51,51,51,p5v2018,-4.2,-0.996078431372549
1840,-5.196078431372549,-5.196078431372549,51,51,51,p5v2018,-4.225,-0.9710784313725496
1841,-5.098039215686274,-5.098039215686274,51,51,52,p5v2018,-4.048780487804878,-1.049258727881396
1842,-5.134615384615385,-5.134615384615385,52,52,52,p5v2018,-4.146341463414634,-0.9882739212007507
1843,-5.134615384615385,-5.134615384615385,52,52,52,p5v2018,-4.146341463414634,-0.9882739212007507
1844,-5.113207547169812,-5.113207547169812,53,53,53,p5v2018,-4.142857142857143,-0.9703504043126685
1845,-5.150943396226415,-5.150943396226415,53,53,53,p5v2018,-4.142857142857143,-1.0080862533692718
1846,-5.134615384615385,-5.134615384615385,52,52,53,p5v2018,-4.071428571428571,-1.0631868131868139
1847,-4.811320754716981,-4.811320754716981,53,53,54,p5v2018,-3.883720930232558,-0.9275998244844228
1848,-3.924528301886793,-4.018518518518518,53,54,55,p5v2018,-3.1818181818181817,-0.8367003367003365
1849,-3.814814814814815,-3.909090909090909,54,55,55,p5v2018,-2.909090909090909,-1.0
1850,-3.890909090909091,-3.890909090909091,55,55,55,p5v2018,-2.886363636363636,-1.0045454545454553
1851,-3.9814814814814814,-3.9272727272727272,54,55,55,p5v2018,-2.9318181818181817,-0.9954545454545456
1852,-4.169811320754717,-4.166666666666667,53,54,55,p5v2018,-3.136363636363636,-1.0303030303030312
1853,-4.148148148148148,-4.148148148148148,54,54,55,p5v2018,-2.840909090909091,-1.307239057239057
1854,-4.0,-4.0,56,56,56,p5v2018,-2.909090909090909,-1.0909090909090908
1855,-3.9107142857142856,-3.9107142857142856,56,56,57,p5v2018,-2.7555555555555555,-1.15515873015873
1856,-3.9107142857142856,-3.9107142857142856,56,56,57,p5v2018,-2.7555555555555555,-1.15515873015873
1857,-3.6666666666666665,-3.6666666666666665,57,57,58,p5v2018,-2.4782608695652173,-1.1884057971014492
1858,-3.6842105263157894,-3.775862068965518,57,58,58,p5v2018,-2.6956521739130435,-1.0802098950524743
1859,-3.6206896551724137,-3.694915254237288,58,59,59,p5v2018,-2.6382978723404253,-1.0566173818968627
1860,-3.7358490566037736,-3.7413793103448274,53,58,59,p5v2018,-2.574468085106383,-1.1669112252384446
1861,-3.176470588235294,-3.1818181818181817,51,55,56,p5v2018,-2.4791666666666665,-0.7026515151515151
1862,-3.14,-3.0545454545454547,50,55,55,p5v2018,-2.3541666666666665,-0.7003787878787882
1863,-3.2,-2.9814814814814814,50,54,55,p5v2018,-2.2708333333333335,-0.7106481481481479
1864,-3.173076923076923,-3.0545454545454547,52,55,55,p5v2018,-2.3541666666666665,-0.7003787878787882
1865,-2.9814814814814814,-2.963636363636364,54,55,55,p5v2018,-2.3958333333333335,-0.5678030303030304
1866,-3.1296296296296298,-3.090909090909091,54,55,55,p5v2018,-2.5416666666666665,-0.5492424242424243
1867,-2.75,-2.7586206896551726,56,58,58,p5v2018,-2.176470588235294,-0.5821501014198787
1868,-2.672727272727273,-2.7586206896551726,55,58,58,p5v2018,-2.25,-0.5086206896551726
1869,-2.5454545454545454,-2.6379310344827585,55,58,58,p5v2018,-2.1153846153846154,-0.522546419098143
1870,-2.5272727272727273,-2.5344827586206895,55,58,58,p5v2018,-2.0,-0.5344827586206895
1871,-2.363636363636364,-2.3333333333333335,55,57,57,p5v2018,-1.7058823529411764,-0.6274509803921571
1872,-1.94,-1.9056603773584904,50,53,53,p5v2018,-1.6274509803921569,-0.2782093969663335
1873,-1.9230769230769231,-1.849056603773585,52,53,53,p5v2018,-1.6274509803921569,-0.22160562338142809
1874,-1.803921568627451,-1.7547169811320755,51,53,53,p5v2018,-1.5294117647058822,-0.22530521642619328
1875,-1.803921568627451,-1.679245283018868,51,53,53,p5v2018,-1.431372549019608,-0.2478727339992599
1876,-1.96078431372549,-1.8867924528301887,51,53,53,p5v2018,-1.568627450980392,-0.3181650018497968
1877,-1.8076923076923077,-1.9056603773584904,52,53,53,p5v2018,-1.607843137254902,-0.29781724010358834
1878,-1.8076923076923077,-1.9245283018867925,52,53,53,p5v2018,-1.6274509803921569,-0.2970773214946356
1879,-1.660377358490566,-1.7962962962962965,53,54,54,p5v2018,-1.5,-0.2962962962962965
1880,-1.351851851851852,-1.351851851851852,54,54,54,p5v2018,-1.0192307692307692,-0.3326210826210829
1881,-1.339622641509434,-1.339622641509434,53,53,54,p5v2018,-1.0384615384615383,-0.3011611030478958
1882,-1.339622641509434,-1.339622641509434,53,53,54,p5v2018,-1.0384615384615383,-0.3011611030478958
1883,-1.2777777777777777,-1.2777777777777777,54,54,54,p5v2018,-0.9230769230769232,-0.35470085470085444
1884,-1.3703703703703705,-1.3703703703703705,54,54,54,p5v2018,-1.0192307692307692,-0.3511396011396013
1885,-1.2777777777777777,-1.2777777777777777,54,54,54,p5v2018,-1.0192307692307692,-0.2585470085470085
1886,-1.462962962962963,-1.462962962962963,54,54,54,p5v2018,-1.2115384615384617,-0.25142450142450135
1887,-1.462962962962963,-1.462962962962963,54,54,54,p5v2018,-1.2115384615384617,-0.25142450142450135
1888,-1.3333333333333333,-1.3333333333333333,54,54,54,p5v2018,-1.0769230769230769,-0.2564102564102564
1889,-1.2592592592592593,-1.2592592592592593,54,54,54,p5v2018,-1.0,-0.2592592592592593
1890,-0.9814814814814816,-0.9814814814814816,54,54,54,p5v2018,-0.7307692307692307,-0.2507122507122509
1891,-1.0185185185185186,-1.0185185185185186,54,54,54,p5v2018,-0.7692307692307693,-0.24928774928774933
1892,-1.0,-1.0,54,54,54,p5v2018,-0.75,-0.25
1893,-0.9814814814814816,-0.9814814814814816,54,54,54,p5v2018,-0.7307692307692307,-0.2507122507122509
1894,-0.8518518518518519,-0.8518518518518519,54,54,54,p5v2018,-0.6538461538461539,-0.198005698005698
1895,-0.8703703703703703,-0.8703703703703703,54,54,54,p5v2018,-0.6730769230769231,-0.19729344729344722
1896,-0.9629629629629628,-0.9629629629629628,54,54,54,p5v2018,-0.7692307692307693,-0.19373219373219353
1897,-0.9629629629629628,-0.9629629629629628,54,54,54,p5v2018,-0.7692307692307693,-0.19373219373219353
1898,-0.6296296296296297,-0.6296296296296297,54,54,54,p5v2018,-0.4230769230769231,-0.20655270655270658
1899,-0.6296296296296297,-0.6296296296296297,54,54,54,p5v2018,-0.4230769230769231,-0.20655270655270658
1900,-0.6481481481481481,-0.6481481481481481,54,54,54,p5v2018,-0.4423076923076923,-0.20584045584045585
1901,-0.4259259259259259,-0.4545454545454545,54,55,55,p5v2018,-0.2452830188679245,-0.20926243567752997
1902,-0.3636363636363636,-0.375,55,56,56,p5v2018,-0.1666666666666666,-0.2083333333333334
1903,-0.4181818181818181,-0.4107142857142857,55,56,56,p5v2018,-0.1272727272727272,-0.2834415584415585
1904,-0.5272727272727272,-0.5,55,56,56,p5v2018,-0.2181818181818181,-0.2818181818181819
1905,-0.3518518518518518,-0.4464285714285714,54,56,56,p5v2018,-0.2,-0.24642857142857139
1906,-0.2407407407407407,-0.1785714285714285,54,56,56,p5v2018,0.0363636363636363,-0.21493506493506478
1907,-0.5094339622641509,-0.4821428571428571,53,56,57,p5v2018,-0.2232142857142857,-0.2589285714285714
1908,-0.0555555555555555,-0.0175438596491228,54,57,57,p5v2018,0.1607142857142857,-0.1782581453634085
1909,-0.037037037037037,0.0350877192982456,54,57,57,p5v2018,0.2142857142857142,-0.17919799498746858
1910,0.074074074074074,0.2586206896551724,54,58,58,p5v2018,0.4385964912280701,-0.17997580157289772
1911,0.4807692307692308,0.543859649122807,52,57,57,p5v2018,0.7349953831948292,-0.1911357340720221
1912,0.4423076923076923,0.6071428571428571,52,56,57,p5v2018,0.8734995383194829,-0.2663566811766258
1913,0.82,0.9454545454545454,50,55,56,p5v2018,0.854507680684966,0.09094686476957947
1914,0.4313725490196078,0.6727272727272727,51,55,57,p5v2018,0.7866276192047518,-0.11390034647747904
1915,0.6,0.7037037037037037,50,54,57,p5v2018,0.7377907935984162,-0.03408708989471243
1916,0.6875,0.8076923076923077,48,52,57,p5v2018,0.7751608645438047,0.03253144314850298
1917,1.1320754716981132,1.1428571428571428,53,56,59,p5v2018,1.2354465709728866,-0.09258942811574378
1918,1.5192307692307692,1.4137931034482758,52,58,63,p5v2018,1.6853912640839637,-0.27159816063568787
1919,1.509433962264151,1.4827586206896552,53,58,63,p5v2018,1.7195439110973916,-0.23678529040773633
1920,1.827586206896552,1.852459016393443,58,61,64,p5v2018,1.9004632794106475,-0.04800426301720462
1921,2.1,2.0161290322580645,60,62,65,p5v2018,2.1696606035106263,-0.15353157125256178
1922,2.0833333333333335,1.8461538461538465,60,65,67,p5v2018,2.169036471484452,-0.32288262533060563
1923,1.7833333333333334,1.53125,60,64,66,p5v2018,1.8140994256661331,-0.28284942566613314
1924,1.360655737704918,1.123076923076923,61,65,68,p5v2018,1.460381413285193,-0.33730449020827
1925,1.0151515151515151,0.9104477611940298,66,67,68,p5v2018,1.2503678613718987,-0.3399201001778689
1926,0.84375,0.7611940298507462,64,67,69,p5v2018,1.039760863731272,-0.27856683388052583
1927,0.859375,0.6567164179104478,64,67,69,p5v2018,0.9504828052284672,-0.2937663873180194
1928,0.4393939393939394,0.3970588235294117,66,68,69,p5v2018,0.7435576879021333,-0.3464988643727216
1929,0.2878787878787879,0.1470588235294117,66,68,69,p5v2018,0.6395737470463873,-0.49251492351697557
1930,0.0634920634920634,-0.0441176470588235,63,68,69,p5v2018,0.4620603944259355,-0.506178041484759
1931,0.0153846153846153,-0.2058823529411764,65,68,69,p5v2018,0.2992529241584249,-0.5051352770996014
1932,0.0307692307692307,-0.1764705882352941,65,68,69,p5v2018,0.3276219244791496,-0.5040925127144438
1933,-0.46875,-0.5441176470588235,64,68,69,p5v2018,-0.0263620163765962,-0.5177556306822273
1934,-0.8769230769230769,-0.9855072463768116,65,69,69,p5v2018,-0.5421106631146951,-0.4433965832621165
1935,-0.8823529411764706,-0.9857142857142858,68,70,70,p5v2018,-0.5497743923186954,-0.43593989339559036
1936,-1.5217391304347827,-1.5217391304347827,69,69,70,p5v2018,-1.1594976963504449,-0.36224143408433784
1937,-1.0149253731343284,-1.0735294117647058,67,68,70,p5v2018,-0.8271920148749481,-0.24633739688975775
1938,-1.0461538461538462,-1.0294117647058822,65,68,70,p5v2018,-0.7267703913704658,-0.3026413733354164
1939,-1.015625,-0.9701492537313432,64,67,70,p5v2018,-0.713305289605114,-0.25684396412622923
1940,-2.210526315789474,-2.180327868852459,57,61,70,p5v2018,-1.1636083037817913,-1.0167195650706677
1941,-1.9019607843137256,-1.7321428571428572,51,56,67,p5v2018,-0.9299812241818268,-0.8021616329610304
1942,-1.981132075471698,-1.8103448275862069,53,58,67,p5v2018,-0.9721205139449792,-0.8382243136412276
1943,-1.8846153846153848,-1.6610169491525424,52,59,68,p5v2018,-0.7595516547007188,-0.9014652944518236
1944,-0.8518518518518519,-0.8064516129032258,54,62,69,p5v2018,-0.1987208193243545,-0.6077307935788713
1945,-0.087719298245614,-0.044776119402985,57,67,72,p5v2018,-0.1013642057629471,0.05658808635996209
1946,0.3709677419354839,0.1617647058823529,62,68,71,p5v2018,0.1622800668913952,-0.0005153610090423144
1947,0.2769230769230769,0.0579710144927536,65,69,73,p5v2018,0.1407707691975896,-0.082799754704836
1948,0.0684931506849315,-0.027027027027027,73,74,78,p5v2018,0.2285301139907694,-0.25555714101779636
1949,-0.0266666666666666,-0.1038961038961039,75,77,79,p5v2018,-0.0716591896223653,-0.03223691427373861
1950,-0.2236842105263158,-0.2597402597402597,76,77,79,p5v2018,0.1981562393548282,-0.4578964990950879
1951,-0.2179487179487179,-0.3037974683544304,78,79,81,p5v2018,0.1156305466288812,-0.4194280149833116
1952,0.050632911392405,-0.037037037037037,79,81,81,p5v2018,0.1590080173517592,-0.1960450543887962
1953,-0.1234567901234567,-0.1204819277108433,81,83,83,p5v2018,-0.1186801886091997,-0.0018017391016436068
1954,-0.2926829268292683,-0.3928571428571428,82,84,84,p5v2018,-0.2210024137036295,-0.1718547291535133
1955,-0.2976190476190476,-0.3647058823529411,84,85,85,p5v2018,-0.1199352434800979,-0.2447706388728432
1956,0.0588235294117647,0.0344827586206896,85,87,88,p5v2018,0.1718327371393451,-0.1373499785186555
1957,0.0459770114942528,0.0224719101123595,87,89,89,p5v2018,0.4682329150062452,-0.4457610048938857
1958,-0.4431818181818182,-0.449438202247191,88,89,90,p5v2018,0.2083214608297289,-0.6577596630769199
1959,-0.3033707865168539,-0.3,89,90,91,p5v2018,0.3711403762604779,-0.671140376260478
1960,-0.3867924528301887,-0.3486238532110092,106,109,110,p5v2018,-0.2393764690462186,-0.1092473841647906
1961,-0.5185185185185185,-0.5663716814159292,108,113,113,p5v2018,-0.3760073045150069,-0.19036437690092228
1962,-0.6756756756756757,-0.7606837606837606,111,117,117,p5v2018,-0.4901822864812166,-0.27050147420254406
1963,-0.7982456140350878,-0.7983193277310925,114,119,119,p5v2018,-0.7607274793975561,-0.03759184833353635
1964,-1.0175438596491229,-1.0578512396694215,114,121,121,p5v2018,-0.8204980439805734,-0.23735319568884816
1965,-1.1260504201680672,-1.098360655737705,119,122,123,p5v2018,-0.9022784948155196,-0.19608216092218544
1966,-1.4049586776859504,-1.376,121,125,126,p5v2018,-0.9748583050572074,-0.4011416949427925
1967,-1.6666666666666667,-1.6111111111111112,123,126,127,p5v2018,-1.2184963983702763,-0.3926147127408348
1968,-1.5634920634920637,-1.5546875,126,128,130,p5v2018,-1.109861448230567,-0.4448260517694329
1969,-1.921259842519685,-1.8837209302325584,127,129,130,p5v2018,-1.3476986345599915,-0.5360222956725669
1970,-1.811023622047244,-1.8307692307692307,127,130,131,p5v2018,-1.310761823688019,-0.5200074070812117
1971,-2.263565891472868,-2.218045112781955,129,133,134,p5v2018,-1.7385114420578165,-0.47953367072413844
1972,-2.6564885496183206,-2.58955223880597,131,134,135,p5v2018,-2.1190339726294045,-0.47051826617656545
1973,-2.507575757575758,-2.466666666666667,132,135,135,p5v2018,-2.040504822206482,-0.4261618444601849
1974,-2.546153846153846,-2.411764705882353,130,136,136,p5v2018,-1.9096299900408251,-0.5021347158415277
1975,-2.510948905109489,-2.4225352112676055,137,142,142,p5v2018,-1.8677333871913948,-0.5548018240762107
1976,-2.6714285714285713,-2.6267605633802815,140,142,142,p5v2018,-2.1160649497412716,-0.51069561363901
1977,-2.739130434782609,-2.640845070422535,138,142,142,p5v2018,-2.155200319914555,-0.48564475050797995
1978,-2.231884057971014,-2.195804195804196,138,143,143,p5v2018,-1.6867422341699037,-0.5090619616342922
1979,-1.8235294117647056,-1.75,136,140,143,p5v2018,-1.2688649445322058,-0.4811350554677942
1980,-1.9855072463768115,-1.9225352112676055,138,142,144,p5v2018,-1.491832725317043,-0.4307024859505626
1981,-1.9130434782608696,-1.8309859154929575,138,142,144,p5v2018,-1.5176174075103306,-0.31336850798262694
1982,-1.8848920863309353,-1.8450704225352113,139,142,144,p5v2018,-1.430726033365591,-0.41434438916962035
1983,-1.683453237410072,-1.647887323943662,139,142,144,p5v2018,-1.2170740958405684,-0.43081322810309364
1984,-1.7285714285714286,-1.704225352112676,140,142,144,p5v2018,-1.2780700456394902,-0.4261553064731858
1985,-1.525179856115108,-1.5,139,142,144,p5v2018,-1.0221645869877076,-0.4778354130122924
1986,-1.3741007194244603,-1.3380281690140845,139,142,144,p5v2018,-0.9000619452373334,-0.4379662237767511
1987,-1.2733812949640289,-1.2394366197183098,139,142,144,p5v2018,-0.8342973316559734,-0.40513928806233634
1988,-0.9571428571428572,-0.943661971830986,140,142,144,p5v2018,-0.5713496194830642,-0.3723123523479218
1989,-0.427536231884058,-0.4405594405594406,138,143,144,p5v2018,-0.1302328932256479,-0.31032654733379267
1990,0.7028985507246377,0.5902777777777778,138,144,147,p5v2018,0.7274151181790546,-0.13713734040127679
1991,1.4899328859060403,1.35,149,160,161,p5v2018,1.4213644392110685,-0.07136443921106839
1992,2.068027210884354,1.93125,147,160,161,p5v2018,2.043513808139535,-0.11226380813953529
1993,2.2582781456953644,2.1226993865030677,151,163,164,p5v2018,2.308888571836211,-0.18618918533314321
1994,2.5657894736842106,2.4012345679012346,152,162,163,p5v2018,2.5750642031673565,-0.17382963526612194
1995,2.5163398692810457,2.3664596273291925,153,161,163,p5v2018,2.5501363766867646,-0.18367674935757217
1996,2.3630573248407645,2.279503105590062,157,161,163,p5v2018,2.441411857594028,-0.1619087520039657
1997,2.348101265822785,2.3043478260869565,158,161,163,p5v2018,2.419107091587712,-0.11475926550075544
1998,2.628205128205128,2.540372670807453,156,161,163,p5v2018,2.575814671260408,-0.03544200045295476
1999,2.8,2.739130434782609,155,161,163,p5v2018,2.794250645994832,-0.055120211212223325
2000,3.0064516129032257,2.9565217391304346,155,161,163,p5v2018,2.957131065173701,-0.0006093260432664671
2001,3.238709677419355,3.15,155,160,163,p5v2018,3.104138468479554,0.04586153152044581
2002,3.3333333333333335,3.2422360248447206,156,161,164,p5v2018,3.2189302529400976,0.02330577190462302
2003,3.344155844155844,3.270440251572327,154,159,164,p5v2018,3.213419698565757,0.057020553006570385
2004,3.4675324675324677,3.40625,154,160,164,p5v2018,3.3494879871971475,0.056762012802852535
2005,3.7051282051282057,3.6645962732919255,156,161,164,p5v2018,3.5587270075358557,0.10586926575606981
2006,3.7950310559006217,3.748466257668712,161,163,166,p5v2018,3.627705627705628,0.12076062996308412
2007,3.76875,3.7222222222222223,160,162,165,p5v2018,3.606707317073171,0.11551490514905138
2008,3.869565217391304,3.822085889570552,161,163,166,p5v2018,3.72987012987013,0.09221575970042206
2009,3.857142857142857,3.8098159509202456,161,163,166,p5v2018,3.7294372294372296,0.08037872148301606
2010,3.93125,3.859756097560976,160,164,166,p5v2018,3.801731601731602,0.05802449582937408
2011,4.080246913580247,4.03030303030303,162,165,168,p5v2018,4.013339070567986,0.016963959735043943
2012,4.125,4.012121212121212,160,165,167,p5v2018,4.012987012987013,-0.0008658008658013472
2013,4.26875,4.175757575757576,160,165,167,p5v2018,4.185281385281385,-0.00952380952380949
2014,4.236024844720497,4.108433734939759,161,166,167,p5v2018,4.121951219512195,-0.013517484572436622
2015,4.35,4.204819277108434,160,166,167,p5v2018,4.233128834355829,-0.028309557247395034
2016,4.228395061728395,4.156626506024097,162,166,167,p5v2018,,
2017,4.214723926380368,4.13855421686747,163,166,167,p5v2018,,
2018,4.196319018404908,4.108433734939759,163,166,167,p5v2018,,
